﻿{
    "면" : ["면","cotton","코튼"],
    "폴리에스터": ["폴리에스터","polyester","폴리에스텔","폴리에스테르","폴리","poly","포리에스텔","이중포리"],
    "폴리우레탄" : ["폴리우레탄","polyurethane","플리우레탄(스판덱스)","폴리우레탄(스판덱스)","우레탄","폴리우레탄(라이크라)","polyu","polyurethan","poly-uretan","elastane","스판덱스" ,"span","spandex" ,"스판" ,"에라스탄", "엘라스탄","엘라스테인","엘라스틴"],
    "레이온" : ["레이온","rayon","viscose","비스코스","모달","modal","텐셀","리오넬","리오넬(텐셀)"],
    "모" : ["모","모(여우)", "모(양모)","모(wool)","울(모)" , "울","wool","울(순모)","젠트라","zentra","폴리에스터(젠트라)","모직","양털"],
    "아크릴" : ["아크릴","acrylic" , "acryl","아크릴계","modacrylic"],
    "나일론" : ["나일론","nylon","나일론(nylon)","polyamide","나이론","쿨에버"],
    "마" : ["마","마(린넨)", "마(아마)","린넨","linen","flax"],
    "금속섬유" : ["금속섬유","금속섬유(메탈)","금속화섬유","metal","메탈"],
    "실크" : ["실크","silk","아세테이트","acetate","견","견(silk)"],
    "기타" : ["기타","otherfiber","쎄리수입사","벨트"],
    "솜털" :["솜털","duckdown솜털", "duckdown","down","다운","오리솜털","거위솜털","goosedown솜털","duckdown(white)","greyduckdown"],
    "깃털" : ["깃털","duckdown깃털","duckfeather","feather","오리깃털","거위깃털","goosedown깃털","duckfeather(white)","waterfowlfeathers","오리털","fur"],
    "동물가죽" :["동물가죽","소가죽","양가죽","가죽","스웨이드"],
    "인조가죽" : ["인조가죽","인조가죽","합성피혁"],
    "모피": [ "모피", "앙고라", "라쿤", "여우털", "토끼털", "모헤어", "천연모피(너구리)", "밍크", "머스크랫", "폭스", "실버폭스" ]
}