,date_col,item_count,weekday,holiday,평균기온(℃),일교차(℃),강수량(mm),prev_item_count
1,2018-01-03,213,2,0,-3.2,7.9,0.0,1.0
2,2018-01-04,125,3,0,-3.8,7.8,0.0,213.0
3,2018-01-05,128,4,0,-2.6,9.6,0.0,125.0
4,2018-01-06,88,5,0,-2.8,12.5,0.0,128.0
5,2018-01-08,68,0,0,0.9,4.3,1.9,88.0
6,2018-01-09,180,1,0,-3.4,5.1,3.0,68.0
7,2018-01-10,54,2,0,-6.8,9.2,1.7,180.0
8,2018-01-11,86,3,0,-11.2,9.5,0.0,54.0
9,2018-01-12,81,4,0,-11.8,14.8,0.0,86.0
10,2018-01-13,76,5,0,-4.7,10.3,0.0,81.0
11,2018-01-15,75,0,0,2.2,9.7,0.0,76.0
12,2018-01-16,119,1,0,1.9,9.3,1.2,75.0
13,2018-01-17,159,2,0,3.3,4.3,5.0,119.0
14,2018-01-18,86,3,0,2.2,6.7,0.0,159.0
15,2018-01-19,120,4,0,-0.8,10.1,0.0,86.0
16,2018-01-22,87,0,0,2.0,9.4,1.2,120.0
17,2018-01-23,284,1,0,-8.8,9.9,0.0,87.0
18,2018-01-24,29,2,0,-12.4,6.5,0.0,284.0
19,2018-01-25,51,3,0,-12.8,8.6,0.0,29.0
20,2018-01-26,103,4,0,-13.7,7.3,0.0,51.0
21,2018-01-27,77,5,0,-10.4,16.2,0.0,103.0
22,2018-01-29,109,0,0,-7.9,6.9,0.0,77.0
23,2018-01-30,76,1,0,-6.1,16.8,0.0,109.0
24,2018-01-31,116,2,0,-1.9,9.3,0.0,76.0
25,2018-02-01,95,3,0,-4.3,13.8,0.0,116.0
26,2018-02-02,101,4,0,-4.5,15.7,0.0,95.0
27,2018-02-03,109,5,0,-5.9,5.6,0.0,101.0
28,2018-02-06,204,1,0,-9.2,8.0,0.0,109.0
29,2018-02-07,105,2,0,-9.9,17.1,0.0,204.0
30,2018-02-08,74,3,0,-5.8,17.8,0.0,105.0
31,2018-02-09,76,4,0,-0.4,17.2,0.0,74.0
32,2018-02-10,129,5,0,-1.0,12.0,0.0,76.0
33,2018-02-12,71,0,0,-7.4,13.3,0.3,129.0
34,2018-02-13,64,1,0,-2.9,16.8,0.6,71.0
35,2018-02-14,99,2,0,3.0,15.7,0.0,64.0
36,2018-02-20,316,1,0,0.8,12.2,0.0,99.0
37,2018-02-21,148,2,0,-0.8,8.8,0.0,316.0
38,2018-02-23,192,4,0,4.9,11.4,0.7,148.0
39,2018-02-24,102,5,0,4.4,12.3,0.0,192.0
40,2018-02-26,152,0,0,1.4,18.5,0.0,102.0
41,2018-02-27,117,1,0,4.1,18.1,0.0,152.0
42,2018-02-28,89,2,0,5.0,7.6,30.0,117.0
43,2018-03-01,74,3,1,0.9,7.9,1.6,89.0
44,2018-03-02,111,4,0,-0.4,15.1,0.0,74.0
45,2018-03-03,89,5,0,7.3,20.6,0.0,111.0
46,2018-03-05,164,0,0,5.3,11.9,7.1,89.0
47,2018-03-06,191,1,0,3.9,15.1,0.0,164.0
48,2018-03-07,93,2,0,5.0,10.1,4.4,191.0
49,2018-03-08,111,3,0,3.4,6.6,6.7,93.0
50,2018-03-09,141,4,0,3.8,8.2,0.0,111.0
51,2018-03-10,147,5,0,3.0,14.3,0.0,141.0
52,2018-03-12,242,0,0,6.8,19.9,0.0,147.0
53,2018-03-13,127,1,0,11.0,20.1,0.0,242.0
54,2018-03-14,179,2,0,14.0,19.9,0.0,127.0
55,2018-03-15,91,3,0,11.8,6.6,7.6,179.0
56,2018-03-16,198,4,0,5.5,9.7,0.1,91.0
57,2018-03-17,188,5,0,5.6,17.3,0.0,198.0
58,2018-03-19,93,0,0,7.6,4.5,13.7,188.0
59,2018-03-20,142,1,0,5.5,7.0,0.1,93.0
60,2018-03-21,78,2,0,1.5,5.2,3.6,142.0
61,2018-03-22,142,3,0,4.7,10.8,0.1,78.0
62,2018-03-23,112,4,0,4.7,15.9,0.0,142.0
63,2018-03-24,125,5,0,7.1,16.0,0.0,112.0
64,2018-03-26,180,0,0,9.6,19.8,0.0,125.0
65,2018-03-27,215,1,0,12.6,19.4,0.0,180.0
66,2018-03-28,119,2,0,13.7,18.2,0.0,215.0
67,2018-03-29,172,3,0,13.9,13.6,0.0,119.0
68,2018-03-30,155,4,0,13.2,14.5,0.0,172.0
69,2018-03-31,296,5,0,14.0,15.6,0.0,155.0
70,2018-04-02,283,0,0,16.5,15.7,0.0,296.0
71,2018-04-03,192,1,0,17.5,13.8,0.0,283.0
72,2018-04-04,229,2,0,12.1,7.2,13.0,192.0
73,2018-04-05,101,3,0,7.7,1.9,18.9,229.0
74,2018-04-06,159,4,0,6.8,7.3,13.7,101.0
75,2018-04-07,167,5,0,4.8,5.9,0.0,159.0
76,2018-04-09,238,0,0,10.1,12.8,0.0,167.0
77,2018-04-10,109,1,0,14.8,20.7,2.4,238.0
78,2018-04-11,143,2,0,13.4,11.5,0.1,109.0
79,2018-04-12,143,3,0,11.5,18.3,0.0,143.0
80,2018-04-13,114,4,0,12.5,16.0,0.0,143.0
81,2018-04-14,199,5,0,8.5,6.0,22.4,114.0
82,2018-04-16,226,0,0,10.3,17.2,0.0,199.0
83,2018-04-17,176,1,0,11.8,15.4,0.0,226.0
84,2018-04-18,137,2,0,11.3,18.5,0.0,176.0
85,2018-04-19,180,3,0,13.5,21.3,0.0,137.0
86,2018-04-20,146,4,0,17.2,22.3,0.0,180.0
87,2018-04-21,211,5,0,17.5,20.8,0.0,146.0
88,2018-04-24,247,1,0,11.7,8.4,5.1,211.0
89,2018-04-25,143,2,0,12.4,20.0,0.0,247.0
90,2018-04-26,170,3,0,13.8,18.7,0.0,143.0
91,2018-04-27,136,4,0,14.0,16.9,0.0,170.0
92,2018-04-28,397,5,0,13.9,17.2,0.0,136.0
93,2018-04-30,266,0,0,17.9,16.9,0.0,397.0
94,2018-05-01,173,1,0,19.6,9.3,0.0,266.0
95,2018-05-02,162,2,0,16.0,11.6,13.4,173.0
96,2018-05-03,205,3,0,11.4,9.6,0.0,162.0
97,2018-05-04,118,4,0,13.2,15.7,0.0,205.0
98,2018-05-07,153,0,0,17.2,9.7,0.0,118.0
99,2018-05-08,167,1,0,16.2,8.5,0.0,153.0
100,2018-05-09,199,2,0,14.3,14.7,0.0,167.0
101,2018-05-10,125,3,0,14.7,15.9,0.0,199.0
102,2018-05-11,135,4,0,16.2,11.6,0.0,125.0
103,2018-05-12,115,5,0,14.3,5.1,18.1,135.0
104,2018-05-14,260,0,0,18.3,14.0,0.0,115.0
105,2018-05-15,159,1,0,21.5,15.6,0.0,260.0
106,2018-05-16,160,2,0,24.1,6.1,0.0,159.0
107,2018-05-17,137,3,0,24.5,5.0,0.7,160.0
108,2018-05-18,143,4,0,18.6,9.2,16.5,137.0
109,2018-05-19,239,5,0,16.4,8.6,0.0,143.0
110,2018-05-21,186,0,0,16.0,11.4,0.0,239.0
111,2018-05-22,114,1,0,17.2,12.4,8.7,186.0
112,2018-05-23,137,2,0,17.0,11.4,9.3,114.0
113,2018-05-24,107,3,0,16.7,18.3,0.0,137.0
114,2018-05-25,242,4,0,17.7,17.5,0.0,107.0
115,2018-05-26,100,5,0,19.1,21.5,0.0,242.0
116,2018-05-28,172,0,0,20.1,18.7,0.0,100.0
117,2018-05-29,110,1,0,21.5,10.8,0.0,172.0
118,2018-05-30,191,2,0,20.0,12.7,0.0,110.0
119,2018-05-31,128,3,0,18.8,15.6,0.0,191.0
120,2018-06-01,139,4,0,21.5,16.0,0.0,128.0
121,2018-06-02,173,5,0,21.2,17.3,0.0,139.0
122,2018-06-04,171,0,0,20.7,14.7,0.0,173.0
123,2018-06-05,110,1,0,22.2,10.7,0.2,171.0
124,2018-06-06,67,2,1,21.9,14.0,0.0,110.0
125,2018-06-07,223,3,0,22.1,11.2,0.0,67.0
126,2018-06-08,146,4,0,20.5,8.2,0.0,223.0
127,2018-06-09,117,5,0,21.7,13.2,0.0,146.0
128,2018-06-11,169,0,0,19.6,4.8,0.5,117.0
129,2018-06-12,104,1,0,20.1,10.0,0.0,169.0
130,2018-06-13,132,2,0,21.2,13.4,0.0,104.0
131,2018-06-14,115,3,0,21.6,7.4,0.0,132.0
132,2018-06-15,136,4,0,20.4,8.6,2.1,115.0
133,2018-06-16,90,5,0,20.3,15.1,0.0,136.0
134,2018-06-18,186,0,0,23.5,12.8,0.0,90.0
135,2018-06-19,108,1,0,19.7,8.6,0.0,186.0
136,2018-06-20,109,2,0,22.1,11.6,0.0,108.0
137,2018-06-21,82,3,0,22.5,11.8,0.0,109.0
138,2018-06-22,100,4,0,23.1,17.2,0.0,82.0
139,2018-06-23,133,5,0,23.1,12.8,0.0,100.0
140,2018-06-25,133,0,0,24.3,16.4,0.0,133.0
141,2018-06-26,91,1,0,21.8,5.7,77.6,133.0
142,2018-06-27,185,2,0,24.0,9.1,0.0,91.0
143,2018-06-28,109,3,0,23.5,4.6,0.0,185.0
144,2018-06-29,93,4,0,24.3,9.0,0.0,109.0
145,2018-06-30,86,5,0,23.9,10.0,8.5,93.0
146,2018-07-02,169,0,0,22.4,6.0,27.5,86.0
147,2018-07-03,133,1,0,25.5,8.6,0.5,169.0
148,2018-07-04,135,2,0,25.9,8.8,0.1,133.0
149,2018-07-05,137,3,0,24.7,9.1,18.8,135.0
150,2018-07-06,97,4,0,23.2,5.6,0.0,137.0
151,2018-07-07,131,5,0,22.8,8.5,0.0,97.0
152,2018-07-09,80,0,0,19.8,3.4,17.9,131.0
153,2018-07-10,118,1,0,24.0,9.2,0.1,80.0
154,2018-07-11,126,2,0,26.7,8.1,0.8,118.0
155,2018-07-12,104,3,0,26.7,7.2,0.0,126.0
156,2018-07-13,77,4,0,26.9,7.4,0.0,104.0
157,2018-07-14,154,5,0,26.8,9.4,0.0,77.0
158,2018-07-16,172,0,0,27.0,12.2,0.0,154.0
159,2018-07-17,135,1,0,26.3,11.4,0.0,172.0
160,2018-07-18,93,2,0,27.0,11.2,0.0,135.0
161,2018-07-19,90,3,0,26.8,11.3,0.0,93.0
162,2018-07-20,62,4,0,27.4,13.8,0.0,90.0
163,2018-07-21,72,5,0,28.2,13.1,0.0,62.0
164,2018-07-23,129,0,0,29.0,10.1,0.0,72.0
165,2018-07-24,68,1,0,29.3,12.7,0.0,129.0
166,2018-07-25,92,2,0,28.9,7.9,0.0,68.0
167,2018-07-26,116,3,0,28.2,11.4,0.0,92.0
168,2018-07-27,91,4,0,29.1,11.0,0.0,116.0
169,2018-07-28,101,5,0,28.1,11.0,0.0,91.0
170,2018-07-30,146,0,0,28.6,12.3,0.0,101.0
171,2018-07-31,65,1,0,29.0,13.9,0.0,146.0
172,2018-08-01,47,2,0,30.2,14.7,0.0,65.0
173,2018-08-06,213,0,0,29.2,8.6,0.0,47.0
174,2018-08-07,124,1,0,29.0,9.6,0.0,213.0
175,2018-08-08,100,2,0,29.1,10.5,0.0,124.0
176,2018-08-09,115,3,0,28.3,9.3,0.0,100.0
177,2018-08-10,108,4,0,29.0,11.1,0.0,115.0
178,2018-08-11,107,5,0,28.1,8.0,0.0,108.0
179,2018-08-13,128,0,0,30.2,12.7,0.0,107.0
180,2018-08-14,67,1,0,30.4,11.2,0.0,128.0
181,2018-08-15,25,2,1,30.8,13.5,0.0,67.0
182,2018-08-16,143,3,0,28.1,10.1,0.0,25.0
183,2018-08-17,83,4,0,25.5,9.6,0.0,143.0
184,2018-08-18,47,5,0,23.8,14.2,0.0,83.0
185,2018-08-20,133,0,0,27.0,13.4,0.0,47.0
186,2018-08-21,87,1,0,26.3,4.9,0.0,133.0
187,2018-08-22,92,2,0,29.4,15.4,0.0,87.0
188,2018-08-23,36,3,0,28.3,7.0,6.0,92.0
189,2018-08-24,81,4,0,24.4,3.2,17.3,36.0
190,2018-08-25,181,5,0,22.8,6.1,0.0,81.0
191,2018-08-27,126,0,0,22.4,6.5,81.6,181.0
192,2018-08-28,89,1,0,24.6,4.5,34.4,126.0
193,2018-08-29,105,2,0,26.1,7.8,0.0,89.0
194,2018-08-30,84,3,0,25.1,7.1,15.8,105.0
195,2018-08-31,62,4,0,21.9,7.9,105.4,84.0
196,2018-09-01,85,5,0,22.9,12.0,0.0,62.0
197,2018-09-03,137,0,0,23.8,7.6,72.2,85.0
198,2018-09-04,188,1,0,22.8,8.7,4.6,137.0
199,2018-09-05,87,2,0,21.2,11.9,0.0,188.0
200,2018-09-06,48,3,0,21.4,11.5,3.4,87.0
201,2018-09-07,112,4,0,19.3,10.5,3.6,48.0
202,2018-09-08,90,5,0,18.6,15.5,0.0,112.0
203,2018-09-10,197,0,0,19.7,12.8,0.0,90.0
204,2018-09-11,112,1,0,18.7,13.7,0.0,197.0
205,2018-09-12,103,2,0,20.0,13.4,0.0,112.0
206,2018-09-13,96,3,0,20.2,6.8,0.0,103.0
207,2018-09-14,111,4,0,20.9,7.0,3.9,96.0
208,2018-09-15,97,5,0,21.0,3.1,1.5,111.0
209,2018-09-17,198,0,0,20.5,10.5,0.0,97.0
210,2018-09-18,131,1,0,19.4,12.8,0.0,198.0
211,2018-09-19,128,2,0,19.5,9.4,0.0,131.0
212,2018-09-20,80,3,0,19.1,3.0,0.5,128.0
213,2018-09-21,117,4,0,18.5,2.6,30.4,80.0
214,2018-09-22,68,5,0,19.2,12.8,0.0,117.0
215,2018-09-27,303,3,0,16.2,14.4,0.0,68.0
216,2018-09-28,169,4,0,15.5,10.8,0.0,303.0
217,2018-09-29,145,5,0,17.3,14.8,0.0,169.0
218,2018-10-01,149,0,0,13.7,8.0,3.8,145.0
219,2018-10-02,116,1,0,13.2,13.4,0.0,149.0
220,2018-10-03,85,2,1,13.4,16.1,0.0,116.0
221,2018-10-04,148,3,0,18.0,15.2,0.0,85.0
222,2018-10-05,81,4,0,16.9,3.4,30.4,148.0
223,2018-10-06,115,5,0,17.6,7.4,50.9,81.0
224,2018-10-08,172,0,0,11.6,15.0,0.0,115.0
225,2018-10-09,67,1,1,13.2,13.0,0.0,172.0
226,2018-10-10,132,2,0,13.3,7.0,0.0,67.0
227,2018-10-11,147,3,0,8.8,12.0,0.0,132.0
228,2018-10-12,101,4,0,8.6,14.8,0.0,147.0
229,2018-10-15,364,0,0,12.4,15.1,0.0,101.0
230,2018-10-16,136,1,0,11.8,11.0,0.0,364.0
231,2018-10-17,93,2,0,10.2,13.1,0.0,136.0
232,2018-10-18,109,3,0,9.4,14.8,0.3,93.0
233,2018-10-19,111,4,0,10.3,14.8,0.0,109.0
234,2018-10-21,91,6,0,9.8,18.8,0.0,111.0
235,2018-10-22,192,0,0,10.9,14.9,0.0,91.0
236,2018-10-23,125,1,0,9.3,13.5,3.2,192.0
237,2018-10-24,100,2,0,10.0,12.4,0.0,125.0
238,2018-10-25,136,3,0,9.9,18.4,0.0,100.0
239,2018-10-26,90,4,0,10.4,6.4,5.1,136.0
240,2018-10-27,147,5,0,8.7,7.5,1.5,90.0
241,2018-10-29,170,0,0,8.0,9.4,0.2,147.0
242,2018-10-30,167,1,0,5.1,12.8,0.0,170.0
243,2018-10-31,131,2,0,6.1,11.8,0.0,167.0
244,2018-11-01,86,3,0,5.5,16.3,0.0,131.0
245,2018-11-02,90,4,0,7.1,19.3,0.0,86.0
246,2018-11-05,315,0,0,8.6,16.8,0.0,90.0
247,2018-11-06,118,1,0,10.2,15.4,0.0,315.0
248,2018-11-07,131,2,0,11.7,4.2,0.7,118.0
249,2018-11-08,103,3,0,13.3,5.0,39.0,131.0
250,2018-11-09,102,4,0,11.1,10.2,0.2,103.0
251,2018-11-10,131,5,0,9.3,13.6,0.0,102.0
252,2018-11-12,192,0,0,6.7,12.7,0.0,131.0
253,2018-11-13,157,1,0,6.2,14.6,0.0,192.0
254,2018-11-14,166,2,0,6.6,15.2,0.0,157.0
255,2018-11-15,57,3,0,6.7,15.9,0.0,166.0
256,2018-11-16,108,4,0,8.4,12.1,0.0,57.0
257,2018-11-17,72,5,0,4.6,12.6,0.0,108.0
258,2018-11-19,133,0,0,6.2,12.6,0.0,72.0
259,2018-11-20,159,1,0,3.8,15.5,0.0,133.0
260,2018-11-21,126,2,0,2.6,7.7,3.4,159.0
261,2018-11-22,101,3,0,1.6,10.4,0.0,126.0
262,2018-11-23,46,4,0,0.2,13.3,0.0,101.0
263,2018-11-24,90,5,0,3.3,8.0,5.0,46.0
264,2018-11-26,183,0,0,3.9,15.9,0.0,90.0
265,2018-11-27,149,1,0,5.9,16.0,0.0,183.0
266,2018-11-28,136,2,0,4.1,12.4,0.0,149.0
267,2018-11-29,122,3,0,3.0,12.9,0.0,136.0
268,2018-11-30,122,4,0,1.6,12.9,0.0,122.0
269,2018-12-01,144,5,0,2.7,13.6,0.0,122.0
270,2018-12-03,87,0,0,11.1,7.0,13.6,144.0
271,2018-12-04,95,1,0,8.2,10.6,9.0,87.0
272,2018-12-05,108,2,0,0.9,7.4,0.0,95.0
273,2018-12-06,141,3,0,2.6,6.8,1.3,108.0
274,2018-12-07,111,4,0,-5.2,10.0,0.0,141.0
275,2018-12-08,88,5,0,-7.1,8.2,0.0,111.0
276,2018-12-10,134,0,0,-4.3,16.5,0.0,88.0
277,2018-12-11,87,1,0,-2.1,6.8,0.5,134.0
278,2018-12-12,75,2,0,-2.2,10.0,0.0,87.0
279,2018-12-13,84,3,0,-2.6,11.9,1.4,75.0
280,2018-12-14,92,4,0,-5.8,12.1,0.0,84.0
281,2018-12-15,72,5,0,-4.8,16.2,0.0,92.0
282,2018-12-17,139,0,0,1.9,9.5,0.0,72.0
283,2018-12-18,82,1,0,0.2,13.0,0.0,139.0
284,2018-12-19,106,2,0,2.6,13.6,0.0,82.0
285,2018-12-20,72,3,0,1.2,13.4,0.0,106.0
286,2018-12-21,102,4,0,2.5,16.6,0.0,72.0
287,2018-12-22,79,5,0,5.1,12.9,0.0,102.0
288,2018-12-24,127,0,0,-3.3,11.3,0.0,79.0
289,2018-12-25,15,1,1,-2.5,13.2,0.0,127.0
290,2018-12-26,102,2,0,0.0,7.3,0.0,15.0
291,2018-12-27,81,3,0,-7.9,6.6,0.0,102.0
292,2018-12-28,66,4,0,-10.4,8.1,0.0,81.0
293,2018-12-29,64,5,0,-6.6,11.9,0.0,66.0
294,2018-12-31,100,0,0,-7.0,15.9,0.0,64.0
295,2019-01-02,159,2,0,-5.6,12.9,0.0,100.0
296,2019-01-03,102,3,0,-5.1,15.9,0.0,159.0
297,2019-01-04,82,4,0,-3.3,16.2,0.0,102.0
298,2019-01-05,84,5,0,-2.4,10.9,0.0,82.0
299,2019-01-07,131,0,0,-3.4,15.0,0.0,84.0
300,2019-01-08,116,1,0,-3.7,11.0,0.0,131.0
301,2019-01-09,69,2,0,-5.6,15.1,0.0,116.0
302,2019-01-10,63,3,0,-2.6,7.0,0.0,69.0
303,2019-01-11,74,4,0,1.2,13.5,0.0,63.0
304,2019-01-12,113,5,0,2.9,9.7,0.0,74.0
305,2019-01-14,122,0,0,-0.2,8.7,0.0,113.0
306,2019-01-15,78,1,0,-1.1,9.9,0.0,122.0
307,2019-01-16,59,2,0,-5.2,11.5,0.0,78.0
308,2019-01-17,49,3,0,-0.8,10.5,0.0,59.0
309,2019-01-18,104,4,0,-2.0,15.8,0.0,49.0
310,2019-01-19,60,5,0,0.4,13.7,0.0,104.0
311,2019-01-20,2,6,0,-0.1,7.5,0.0,60.0
312,2019-01-21,130,0,0,-1.4,17.0,0.0,2.0
313,2019-01-22,75,1,0,0.2,12.9,0.0,130.0
314,2019-01-23,70,2,0,0.7,14.0,0.0,75.0
315,2019-01-24,65,3,0,-1.1,15.6,0.0,70.0
316,2019-01-25,129,4,0,-2.6,12.6,0.0,65.0
317,2019-01-26,74,5,0,-3.6,10.6,0.0,129.0
318,2019-01-28,118,0,0,0.5,8.6,0.6,74.0
319,2019-01-29,151,1,0,-2.3,17.4,0.0,118.0
320,2019-01-30,92,2,0,1.3,14.4,0.0,151.0
321,2019-01-31,49,3,0,-0.7,7.2,0.0,92.0
322,2019-02-01,55,4,0,-3.1,14.8,0.0,49.0
323,2019-02-02,66,5,0,-0.2,15.3,0.0,55.0
324,2019-02-07,139,3,0,-0.4,10.2,0.0,66.0
325,2019-02-08,108,4,0,-4.4,9.1,0.0,139.0
326,2019-02-09,66,5,0,-4.1,6.1,0.0,108.0
327,2019-02-11,110,0,0,-2.6,8.1,0.0,66.0
328,2019-02-12,67,1,0,-1.4,13.4,0.0,110.0
329,2019-02-13,109,2,0,-1.9,10.5,0.0,67.0
330,2019-02-14,106,3,0,-0.7,13.2,0.0,109.0
331,2019-02-15,81,4,0,0.5,4.9,0.3,106.0
332,2019-02-16,62,5,0,-2.3,7.8,0.4,81.0
333,2019-02-18,164,0,0,0.1,14.2,0.0,62.0
334,2019-02-19,49,1,0,1.0,3.0,12.0,164.0
335,2019-02-20,92,2,0,1.4,7.6,0.0,49.0
336,2019-02-21,56,3,0,0.7,13.2,0.0,92.0
337,2019-02-22,82,4,0,1.5,14.4,0.0,56.0
338,2019-02-23,89,5,0,3.6,16.7,0.0,82.0
339,2019-02-25,215,0,0,3.5,11.6,0.0,89.0
340,2019-02-26,68,1,0,3.6,16.8,0.0,215.0
341,2019-02-27,66,2,0,5.3,10.7,0.0,68.0
342,2019-02-28,121,3,0,4.6,15.4,0.0,66.0
343,2019-03-01,86,4,1,4.2,16.4,0.0,121.0
344,2019-03-02,84,5,0,5.2,18.7,0.0,86.0
345,2019-03-04,151,0,0,7.5,13.3,0.0,84.0
346,2019-03-05,148,1,0,6.4,15.1,0.0,151.0
347,2019-03-06,168,2,0,7.7,11.5,0.0,148.0
348,2019-03-07,92,3,0,5.8,11.5,0.0,168.0
349,2019-03-08,70,4,0,4.4,18.4,0.0,92.0
350,2019-03-09,156,5,0,5.8,20.8,0.0,70.0
351,2019-03-11,116,0,0,4.8,13.2,0.8,156.0
352,2019-03-12,68,1,0,3.4,10.8,1.2,116.0
353,2019-03-13,77,2,0,2.4,13.1,0.0,68.0
354,2019-03-14,143,3,0,5.0,16.3,0.0,77.0
355,2019-03-15,73,4,0,5.3,13.1,1.4,143.0
356,2019-03-16,158,5,0,5.7,9.5,0.0,73.0
357,2019-03-18,159,0,0,5.3,18.9,0.0,158.0
358,2019-03-19,132,1,0,9.1,21.0,0.0,159.0
359,2019-03-20,68,2,0,9.7,13.4,16.0,132.0
360,2019-03-21,178,3,0,8.1,9.8,0.3,68.0
361,2019-03-22,101,4,0,3.4,9.7,0.0,178.0
362,2019-03-23,118,5,0,3.3,12.4,3.9,101.0
363,2019-03-25,176,0,0,5.7,17.3,0.0,118.0
364,2019-03-26,96,1,0,8.5,18.5,0.0,176.0
365,2019-03-27,162,2,0,12.1,17.0,0.0,96.0
366,2019-03-28,317,3,0,9.9,9.2,0.0,162.0
367,2019-03-29,109,4,0,9.5,12.0,0.0,317.0
368,2019-03-30,134,5,0,5.4,7.8,2.9,109.0
369,2019-04-01,108,0,0,3.1,13.2,0.0,134.0
370,2019-04-02,113,1,0,4.2,16.3,0.0,108.0
371,2019-04-03,62,2,0,5.5,17.6,0.0,113.0
372,2019-04-04,308,3,0,7.5,20.4,0.0,62.0
373,2019-04-05,99,4,0,10.1,12.0,0.0,308.0
374,2019-04-06,99,5,0,9.1,18.8,0.0,99.0
375,2019-04-08,130,0,0,9.8,15.6,0.0,99.0
376,2019-04-09,79,1,0,8.6,9.5,22.0,130.0
377,2019-04-10,65,2,0,7.0,4.8,1.8,79.0
378,2019-04-11,247,3,0,7.7,13.6,0.0,65.0
379,2019-04-12,154,4,0,9.2,16.1,0.0,247.0
380,2019-04-13,79,5,0,9.8,17.7,0.0,154.0
381,2019-04-15,174,0,0,8.7,20.7,0.0,79.0
382,2019-04-16,122,1,0,12.0,22.2,0.0,174.0
383,2019-04-17,102,2,0,13.5,19.6,0.0,122.0
384,2019-04-18,452,3,0,13.1,14.3,0.0,102.0
385,2019-04-19,103,4,0,12.7,6.6,0.0,452.0
386,2019-04-20,159,5,0,14.8,13.2,0.0,103.0
387,2019-04-22,153,0,0,18.2,21.0,0.0,159.0
388,2019-04-23,124,1,0,17.6,10.8,3.2,153.0
389,2019-04-24,110,2,0,16.5,8.6,8.2,124.0
390,2019-04-25,335,3,0,13.3,6.5,5.0,110.0
391,2019-04-26,95,4,0,8.8,4.7,1.6,335.0
392,2019-04-27,151,5,0,10.4,15.5,0.0,95.0
393,2019-04-29,225,0,0,10.3,11.5,0.6,151.0
394,2019-04-30,140,1,0,13.7,15.8,0.0,225.0
395,2019-05-01,120,2,0,13.9,14.3,0.0,140.0
396,2019-05-02,369,3,0,14.0,18.3,0.0,120.0
397,2019-05-03,88,4,0,15.3,23.3,0.0,369.0
398,2019-05-04,123,5,0,16.2,20.3,0.0,88.0
399,2019-05-06,149,0,0,12.8,11.3,0.0,123.0
400,2019-05-07,191,1,0,12.2,18.9,0.0,149.0
401,2019-05-08,121,2,0,13.2,19.1,0.0,191.0
402,2019-05-09,480,3,0,14.8,13.7,0.0,121.0
403,2019-05-10,167,4,0,15.4,21.8,0.0,480.0
404,2019-05-11,98,5,0,16.8,19.1,0.0,167.0
405,2019-05-13,137,0,0,17.6,15.2,0.0,98.0
406,2019-05-14,142,1,0,18.1,15.6,0.0,137.0
407,2019-05-15,88,2,0,19.1,16.0,0.0,142.0
408,2019-05-16,330,3,0,21.2,16.1,0.0,88.0
409,2019-05-17,94,4,0,21.4,12.3,0.0,330.0
410,2019-05-18,106,5,0,19.1,6.2,1.7,94.0
411,2019-05-20,175,0,0,14.9,11.1,0.9,106.0
412,2019-05-21,112,1,0,14.9,18.8,0.0,175.0
413,2019-05-22,94,2,0,17.0,20.6,0.0,112.0
414,2019-05-23,312,3,0,19.0,19.5,0.0,94.0
415,2019-05-24,130,4,0,22.0,19.5,0.0,312.0
416,2019-05-25,90,5,0,21.4,15.7,0.0,130.0
417,2019-05-27,149,0,0,16.8,9.3,9.3,90.0
418,2019-05-28,134,1,0,16.6,13.0,0.0,149.0
419,2019-05-30,293,3,0,17.8,17.9,0.7,134.0
420,2019-05-31,91,4,0,17.6,11.2,0.1,293.0
421,2019-06-01,122,5,0,16.6,14.5,0.0,91.0
422,2019-06-03,151,0,0,20.1,17.7,0.0,122.0
423,2019-06-04,125,1,0,21.2,15.6,0.0,151.0
424,2019-06-05,114,2,0,21.8,13.4,0.0,125.0
425,2019-06-06,123,3,0,19.8,9.7,18.8,114.0
426,2019-06-07,68,4,0,17.7,5.4,31.6,123.0
427,2019-06-08,55,5,0,20.0,12.5,0.0,68.0
428,2019-06-10,143,0,0,17.4,7.9,26.4,55.0
429,2019-06-11,113,1,0,19.0,9.4,0.0,143.0
430,2019-06-12,91,2,0,18.9,14.9,0.0,113.0
431,2019-06-13,154,3,0,21.2,16.2,0.0,91.0
432,2019-06-14,101,4,0,19.8,9.8,0.0,154.0
433,2019-06-15,128,5,0,19.6,10.8,0.0,101.0
434,2019-06-17,137,0,0,19.6,11.6,0.0,128.0
435,2019-06-18,98,1,0,19.8,8.6,0.0,137.0
436,2019-06-20,35,3,0,21.2,10.2,0.0,98.0
437,2019-06-22,195,5,0,21.7,12.3,0.0,35.0
438,2019-06-24,179,0,0,22.1,13.8,0.0,195.0
439,2019-06-25,144,1,0,23.1,17.3,0.0,179.0
440,2019-06-26,82,2,0,20.5,7.4,1.3,144.0
441,2019-06-27,206,3,0,23.3,8.2,0.0,82.0
442,2019-06-28,88,4,0,23.3,8.6,0.0,206.0
443,2019-06-29,74,5,0,20.7,4.9,3.2,88.0
444,2019-07-01,145,0,0,22.2,8.7,0.0,74.0
445,2019-07-02,120,1,0,21.6,13.8,0.0,145.0
446,2019-07-03,108,2,0,22.2,11.8,0.0,120.0
447,2019-07-04,169,3,0,23.5,15.2,0.0,108.0
448,2019-07-05,72,4,0,24.4,18.0,0.0,169.0
449,2019-07-06,82,5,0,25.8,15.5,0.0,72.0
450,2019-07-08,123,0,0,23.2,8.5,0.0,82.0
451,2019-07-09,116,1,0,22.7,12.7,0.0,123.0
452,2019-07-10,69,2,0,20.8,5.2,10.5,116.0
453,2019-07-11,85,3,0,20.3,4.0,7.8,69.0
454,2019-07-12,122,4,0,21.9,8.4,0.0,85.0
455,2019-07-13,81,5,0,22.4,8.1,0.7,122.0
456,2019-07-15,68,0,0,23.3,6.2,13.6,81.0
457,2019-07-16,88,1,0,23.2,9.6,0.0,68.0
458,2019-07-17,99,2,0,24.5,8.9,0.0,88.0
459,2019-07-18,158,3,0,24.9,7.0,0.0,99.0
460,2019-07-19,64,4,0,26.1,7.9,0.0,158.0
461,2019-07-20,58,5,0,25.2,5.5,8.9,64.0
462,2019-07-22,128,0,0,26.3,8.3,0.0,58.0
463,2019-07-23,82,1,0,26.9,9.4,0.0,128.0
464,2019-07-24,88,2,0,25.8,3.8,0.1,82.0
465,2019-07-25,85,3,0,24.4,1.3,132.6,88.0
466,2019-07-26,74,4,0,25.0,1.8,9.3,85.0
467,2019-07-27,130,5,0,26.8,6.4,7.6,74.0
468,2019-07-29,111,0,0,26.6,8.2,0.0,130.0
469,2019-07-30,89,1,0,27.7,6.9,0.0,111.0
470,2019-08-01,12,3,0,26.6,7.8,0.0,89.0
471,2019-08-02,16,4,0,27.6,10.8,0.0,12.0
472,2019-08-05,195,0,0,28.0,11.3,0.0,16.0
473,2019-08-06,113,1,0,27.7,9.8,0.0,195.0
474,2019-08-07,91,2,0,26.6,9.5,5.4,113.0
475,2019-08-08,119,3,0,25.2,8.5,22.3,91.0
476,2019-08-09,85,4,0,26.6,10.6,0.0,119.0
477,2019-08-10,52,5,0,28.6,11.0,0.0,85.0
478,2019-08-12,44,0,0,26.4,6.4,14.2,52.0
479,2019-08-13,86,1,0,28.1,10.7,0.0,44.0
480,2019-08-14,66,2,0,28.6,10.7,0.0,86.0
481,2019-08-15,32,3,1,24.1,4.8,25.2,66.0
482,2019-08-16,88,4,0,24.8,6.9,4.8,32.0
483,2019-08-17,45,5,0,23.6,8.7,2.3,88.0
484,2019-08-19,109,0,0,23.6,13.0,0.0,45.0
485,2019-08-20,65,1,0,24.7,11.0,0.0,109.0
486,2019-08-21,68,2,0,25.1,11.8,0.9,65.0
487,2019-08-22,103,3,0,24.4,8.7,0.7,68.0
488,2019-08-23,71,4,0,22.7,11.4,0.0,103.0
489,2019-08-24,61,5,0,21.4,8.7,0.3,71.0
490,2019-08-26,122,0,0,23.3,13.6,0.0,61.0
491,2019-08-27,88,1,0,21.5,4.8,10.9,122.0
492,2019-08-28,40,2,0,22.8,8.4,0.3,88.0
493,2019-08-29,81,3,0,21.1,7.5,3.2,40.0
494,2019-08-30,112,4,0,20.7,8.9,0.0,81.0
495,2019-08-31,92,5,0,20.8,11.5,0.0,112.0
496,2019-09-02,128,0,0,21.6,9.9,0.0,92.0
497,2019-09-03,98,1,0,21.6,4.7,0.9,128.0
498,2019-09-04,92,2,0,22.1,6.8,6.5,98.0
499,2019-09-05,76,3,0,22.6,7.1,9.7,92.0
500,2019-09-06,86,4,0,24.5,6.8,0.1,76.0
501,2019-09-07,49,5,0,25.2,8.6,1.1,86.0
502,2019-09-09,123,0,0,22.4,3.5,4.7,49.0
503,2019-09-10,63,1,0,25.5,7.4,0.1,123.0
504,2019-09-11,58,2,0,22.2,3.9,6.6,63.0
505,2019-09-16,198,0,0,21.8,10.3,0.0,58.0
506,2019-09-17,114,1,0,19.8,15.8,0.0,198.0
507,2019-09-18,108,2,0,18.7,14.3,0.0,114.0
508,2019-09-19,138,3,0,17.2,17.2,0.0,108.0
509,2019-09-20,97,4,0,18.0,9.4,0.0,138.0
510,2019-09-21,114,5,0,16.9,5.6,30.7,97.0
511,2019-09-23,150,0,1,16.7,9.5,0.1,114.0
512,2019-09-24,91,1,0,15.4,14.0,0.0,150.0
513,2019-09-25,166,2,0,16.4,14.5,0.0,91.0
514,2019-09-26,164,3,0,18.8,9.8,0.0,166.0
515,2019-09-27,101,4,0,20.0,12.7,0.0,164.0
516,2019-09-28,110,5,0,21.5,10.5,0.0,101.0
517,2019-09-30,148,0,0,18.5,16.3,0.0,110.0
518,2019-10-01,72,1,0,19.9,11.3,0.0,148.0
519,2019-10-02,51,2,0,20.1,1.9,44.7,72.0
520,2019-10-03,178,3,0,20.9,9.2,25.4,51.0
521,2019-10-04,96,4,0,20.3,11.5,0.0,178.0
522,2019-10-05,78,5,0,17.7,7.6,0.0,96.0
523,2019-10-07,96,0,0,14.0,1.8,9.7,78.0
524,2019-10-08,145,1,0,13.6,13.2,0.0,96.0
525,2019-10-09,88,2,1,10.4,16.5,0.0,145.0
526,2019-10-10,231,3,0,12.0,10.4,0.0,88.0
527,2019-10-11,74,4,0,16.0,14.6,0.0,231.0
528,2019-10-12,96,5,0,16.3,12.8,0.0,74.0
529,2019-10-14,180,0,0,11.7,12.5,0.0,96.0
530,2019-10-15,116,1,0,11.5,13.2,0.0,180.0
531,2019-10-16,93,2,0,11.6,14.0,0.0,116.0
532,2019-10-17,152,3,0,12.1,10.5,0.0,93.0
533,2019-10-18,98,4,0,13.4,12.1,0.0,152.0
534,2019-10-19,144,5,0,14.4,13.4,0.0,98.0
535,2019-10-21,186,0,0,12.7,17.0,0.0,144.0
536,2019-10-22,89,1,0,13.8,15.2,0.0,186.0
537,2019-10-23,81,2,0,14.4,9.8,0.0,89.0
538,2019-10-24,182,3,0,17.0,10.1,0.0,81.0
539,2019-10-25,114,4,0,15.4,12.6,0.6,182.0
540,2019-10-26,71,5,0,10.1,10.0,0.0,114.0
541,2019-10-28,172,0,0,10.6,15.9,0.0,71.0
542,2019-10-29,73,1,0,12.0,11.3,1.5,172.0
543,2019-10-30,109,2,0,8.4,14.8,0.0,73.0
544,2019-10-31,180,3,0,11.1,17.6,0.0,109.0
545,2019-11-01,83,4,0,12.1,13.5,0.0,180.0
546,2019-11-02,135,5,0,11.5,15.5,0.0,83.0
547,2019-11-04,204,0,0,11.5,13.1,0.0,135.0
548,2019-11-05,154,1,0,9.4,14.6,0.0,204.0
549,2019-11-06,141,2,0,8.4,14.6,0.0,154.0
550,2019-11-07,148,3,0,8.0,14.4,0.0,141.0
551,2019-11-08,158,4,0,4.0,16.0,0.0,148.0
552,2019-11-09,113,5,0,5.8,18.6,0.0,158.0
553,2019-11-11,166,0,0,10.8,7.9,3.7,113.0
554,2019-11-12,101,1,0,7.4,14.7,0.0,166.0
555,2019-11-13,95,2,0,6.4,9.5,8.0,101.0
556,2019-11-14,201,3,0,1.4,9.5,0.0,95.0
557,2019-11-15,111,4,0,8.1,19.7,22.7,201.0
558,2019-11-16,84,5,0,9.7,11.2,0.2,111.0
559,2019-11-18,118,0,0,6.4,12.3,7.7,84.0
560,2019-11-19,93,1,0,1.5,6.6,0.9,118.0
561,2019-11-20,112,2,0,0.3,11.0,0.0,93.0
562,2019-11-21,219,3,0,3.0,15.9,0.0,112.0
563,2019-11-22,133,4,0,7.7,16.6,0.0,219.0
564,2019-11-23,88,5,0,9.4,16.4,0.0,133.0
567,2019-11-27,102,2,0,4.2,9.1,0.0,115.0
568,2019-11-28,140,3,0,2.7,14.3,0.0,102.0
569,2019-11-29,72,4,0,0.8,12.5,0.0,140.0
570,2019-11-30,135,5,0,3.2,16.8,0.0,72.0
571,2019-12-02,97,0,0,1.9,7.8,0.1,135.0
572,2019-12-03,122,1,0,-0.1,9.4,1.1,97.0
573,2019-12-04,93,2,0,3.7,9.8,0.0,122.0
574,2019-12-05,125,3,0,-1.8,9.9,0.0,93.0
575,2019-12-06,66,4,0,-5.9,11.2,0.0,125.0
576,2019-12-07,71,5,0,-3.1,12.9,0.0,66.0
577,2019-12-09,115,0,0,0.1,15.0,0.0,71.0
578,2019-12-10,104,1,0,5.7,14.6,0.0,115.0
579,2019-12-11,75,2,0,4.8,9.4,0.0,104.0
580,2019-12-12,133,3,0,0.0,9.7,0.0,75.0
581,2019-12-13,89,4,0,-1.0,14.4,0.0,133.0
582,2019-12-14,100,5,0,2.4,8.3,0.1,89.0
583,2019-12-16,112,0,0,5.5,15.3,0.0,100.0
584,2019-12-17,92,1,0,6.5,6.9,2.3,112.0
585,2019-12-18,80,2,0,2.2,5.7,0.0,92.0
586,2019-12-19,115,3,0,-0.6,8.3,0.0,80.0
587,2019-12-20,65,4,0,-1.3,9.3,0.0,115.0
588,2019-12-21,50,5,0,-2.0,12.8,0.0,65.0
589,2019-12-23,97,0,0,1.5,8.1,1.5,50.0
590,2019-12-24,93,1,0,-1.6,10.7,0.0,97.0
591,2019-12-26,130,3,0,1.3,3.1,1.2,93.0
592,2019-12-27,80,4,0,-1.2,9.1,0.0,130.0
593,2019-12-28,62,5,0,-1.8,14.3,0.0,80.0
594,2019-12-29,7,6,0,1.2,9.6,5.5,62.0
595,2019-12-30,86,0,0,3.2,9.0,0.3,7.0
596,2019-12-31,81,1,0,-6.6,7.7,0.0,86.0
597,2020-01-02,137,3,0,0.4,3.9,0.0,81.0
598,2020-01-03,85,4,0,0.0,9.3,0.0,137.0
599,2020-01-04,72,5,0,-0.7,13.9,0.0,85.0
600,2020-01-06,136,0,0,2.6,7.6,5.7,72.0
601,2020-01-07,67,1,0,8.3,8.5,44.0,136.0
602,2020-01-08,41,2,0,3.7,10.1,7.8,67.0
603,2020-01-09,118,3,0,-0.1,7.5,0.0,41.0
604,2020-01-10,53,4,0,-1.3,11.1,0.0,118.0
605,2020-01-11,137,5,0,-0.4,11.1,0.0,53.0
606,2020-01-13,91,0,0,-1.2,7.2,0.0,137.0
607,2020-01-14,72,1,0,-1.9,10.0,0.0,91.0
608,2020-01-15,74,2,0,-2.9,10.0,0.0,72.0
609,2020-01-16,75,3,0,-2.3,11.4,0.0,74.0
610,2020-01-17,76,4,0,-1.9,11.5,0.0,75.0
611,2020-01-18,96,5,0,-1.2,13.6,0.0,76.0
612,2020-01-20,125,0,0,1.5,8.4,0.3,96.0
613,2020-01-21,59,1,0,-1.2,13.1,0.0,125.0
614,2020-01-22,35,2,0,1.2,6.9,0.0,59.0
615,2020-01-23,75,3,0,4.3,13.6,0.0,35.0
616,2020-01-28,168,1,0,6.1,8.5,0.0,75.0
617,2020-01-29,118,2,0,5.8,8.4,0.0,168.0
618,2020-01-30,92,3,0,4.0,11.7,0.0,118.0
619,2020-01-31,76,4,0,2.5,10.2,0.0,92.0
620,2020-02-01,93,5,0,0.5,11.3,0.0,76.0
621,2020-02-03,96,0,0,0.1,8.3,0.0,93.0
622,2020-02-04,104,1,0,-1.0,14.0,0.6,96.0
623,2020-02-05,64,2,0,-6.1,7.8,0.0,104.0
624,2020-02-06,65,3,0,-6.6,12.9,0.0,64.0
625,2020-02-07,153,4,0,-2.7,12.6,0.0,65.0
626,2020-02-08,71,5,0,0.2,8.7,0.0,153.0
627,2020-02-10,96,0,0,2.8,12.9,0.0,71.0
628,2020-02-11,64,1,0,4.6,20.0,0.0,96.0
629,2020-02-12,53,2,0,6.6,5.5,7.9,64.0
630,2020-02-13,123,3,0,6.8,10.6,0.1,53.0
631,2020-02-14,50,4,0,5.4,12.6,0.0,123.0
632,2020-02-15,114,5,0,8.0,16.9,0.5,50.0
633,2020-02-17,41,0,0,-5.0,5.4,1.2,114.0
634,2020-02-18,72,1,0,-4.9,15.3,0.0,41.0
635,2020-02-19,83,2,0,-0.3,14.9,0.0,72.0
636,2020-02-20,71,3,0,3.3,14.8,0.0,83.0
637,2020-02-21,73,4,0,5.9,15.0,0.8,71.0
638,2020-02-22,72,5,0,5.3,8.1,3.6,73.0
639,2020-02-24,84,0,0,5.4,18.4,0.0,72.0
640,2020-02-25,61,1,0,6.6,3.0,35.5,84.0
641,2020-02-26,47,2,0,6.1,10.5,0.0,61.0
642,2020-02-27,68,3,0,4.4,10.6,0.0,47.0
643,2020-02-28,50,4,0,3.8,5.7,5.4,68.0
644,2020-02-29,91,5,0,6.9,10.4,0.0,50.0
645,2020-03-02,105,0,0,3.9,6.6,0.0,91.0
646,2020-03-03,59,1,0,4.8,14.9,0.0,105.0
647,2020-03-04,34,2,0,2.6,6.9,0.0,59.0
648,2020-03-05,77,3,0,1.1,10.9,0.0,34.0
649,2020-03-06,49,4,0,2.3,17.5,0.0,77.0
650,2020-03-07,75,5,0,4.1,12.4,0.0,49.0
651,2020-03-09,101,0,0,8.7,17.3,1.1,75.0
652,2020-03-10,92,1,0,6.4,5.5,7.6,101.0
653,2020-03-11,73,2,0,3.4,9.3,0.0,92.0
654,2020-03-12,86,3,0,5.0,19.8,0.0,73.0
655,2020-03-13,68,4,0,5.0,9.9,0.0,86.0
656,2020-03-14,99,5,0,4.3,14.7,0.0,68.0
657,2020-03-16,88,0,0,3.2,14.0,0.0,99.0
658,2020-03-17,72,1,0,4.2,15.8,0.0,88.0
659,2020-03-18,56,2,0,8.2,20.2,0.0,72.0
660,2020-03-19,111,3,0,10.0,7.9,0.0,56.0
661,2020-03-20,79,4,0,7.9,16.3,0.0,111.0
662,2020-03-21,118,5,0,11.9,21.5,0.0,79.0
663,2020-03-23,159,0,0,9.2,18.0,0.0,118.0
664,2020-03-24,113,1,0,9.3,17.8,0.0,159.0
665,2020-03-25,91,2,0,11.0,20.6,0.0,113.0
666,2020-03-26,267,3,0,13.3,15.0,0.1,91.0
667,2020-03-27,127,4,0,10.5,9.5,12.9,267.0
668,2020-03-28,94,5,0,6.8,9.6,0.0,127.0
669,2020-03-29,8,6,0,6.9,18.3,0.0,94.0
670,2020-03-30,120,0,0,9.6,15.3,0.0,8.0
671,2020-03-31,83,1,0,10.0,19.1,0.0,120.0
672,2020-04-01,89,2,0,10.1,13.0,0.0,83.0
673,2020-04-02,355,3,0,8.2,17.1,0.0,89.0
674,2020-04-03,49,4,0,8.4,17.2,0.0,355.0
675,2020-04-04,79,5,0,7.1,14.5,0.0,49.0
676,2020-04-06,111,0,0,7.8,19.1,0.0,79.0
677,2020-04-07,97,1,0,10.5,17.6,0.0,111.0
678,2020-04-08,67,2,0,8.6,13.3,0.0,97.0
679,2020-04-09,277,3,0,8.2,14.0,0.0,67.0
680,2020-04-10,75,4,0,9.5,15.6,0.0,277.0
681,2020-04-11,129,5,0,7.4,13.5,0.0,75.0
682,2020-04-13,159,0,0,10.6,12.5,0.0,129.0
683,2020-04-14,123,1,0,11.0,20.0,0.0,159.0
684,2020-04-15,119,2,0,11.3,18.8,0.0,123.0
685,2020-04-16,247,3,0,14.6,19.8,0.0,119.0
686,2020-04-17,71,4,0,13.2,9.2,2.4,247.0
687,2020-04-18,94,5,0,13.2,10.5,0.0,71.0
688,2020-04-20,120,0,0,10.4,8.9,0.0,94.0
689,2020-04-21,90,1,0,7.2,10.1,0.0,120.0
690,2020-04-22,29,2,0,6.4,6.3,0.1,90.0
691,2020-04-23,186,3,0,7.3,14.9,0.0,29.0
692,2020-04-24,63,4,0,9.3,16.7,0.0,186.0
693,2020-04-25,60,5,0,14.4,13.2,0.0,63.0
694,2020-04-27,107,0,0,11.1,15.4,0.2,60.0
695,2020-04-28,94,1,0,12.5,19.3,0.0,107.0
696,2020-04-29,158,2,0,13.6,18.4,0.0,94.0
697,2020-04-30,163,3,0,16.2,22.1,0.0,158.0
698,2020-05-01,80,4,0,21.7,14.3,0.0,163.0
699,2020-05-02,98,5,0,21.3,8.8,0.0,80.0
700,2020-05-04,167,0,0,19.3,13.8,0.0,98.0
701,2020-05-05,33,1,1,13.8,10.7,5.0,167.0
702,2020-05-06,174,2,0,16.9,17.3,0.0,33.0
703,2020-05-07,368,3,0,18.5,15.4,0.0,174.0
704,2020-05-08,105,4,0,17.3,13.1,4.8,368.0
705,2020-05-09,86,5,0,15.5,4.5,12.8,105.0
706,2020-05-11,174,0,0,16.7,14.7,0.1,86.0
707,2020-05-12,97,1,0,15.1,10.6,0.0,174.0
708,2020-05-13,97,2,0,14.8,16.0,0.0,97.0
709,2020-05-14,316,3,0,18.0,18.1,0.0,97.0
710,2020-05-15,57,4,0,15.6,3.6,11.8,316.0
711,2020-05-16,122,5,0,16.9,4.8,0.1,57.0
712,2020-05-18,202,0,0,18.9,12.4,37.5,122.0
713,2020-05-19,71,1,0,13.2,7.2,4.1,202.0
714,2020-05-20,85,2,0,13.5,12.4,0.0,71.0
715,2020-05-21,270,3,0,15.9,14.3,0.0,85.0
716,2020-05-22,120,4,0,18.3,10.2,0.0,270.0
717,2020-05-23,59,5,0,19.5,11.7,0.0,120.0
718,2020-05-25,115,0,0,16.3,6.8,0.0,59.0
719,2020-05-26,122,1,0,17.1,12.4,0.0,115.0
720,2020-05-27,97,2,0,17.3,12.0,0.0,122.0
721,2020-05-28,209,3,0,17.3,14.5,0.0,97.0
722,2020-05-29,114,4,0,19.1,15.2,0.0,209.0
723,2020-05-30,110,5,0,21.1,15.7,0.0,114.0
724,2020-06-01,115,0,0,19.6,11.9,0.7,110.0
725,2020-06-02,93,1,0,17.9,11.5,0.0,115.0
726,2020-06-03,102,2,0,21.7,10.5,0.0,93.0
727,2020-06-04,255,3,0,23.9,11.4,0.0,102.0
728,2020-06-05,64,4,0,23.5,9.6,0.0,255.0
729,2020-06-06,131,5,0,23.4,14.8,0.0,64.0
730,2020-06-08,80,0,0,23.8,14.5,0.0,131.0
731,2020-06-09,77,1,0,24.8,16.1,0.0,80.0
732,2020-06-10,85,2,0,24.4,15.4,45.7,77.0
733,2020-06-11,182,3,0,24.5,9.5,1.9,85.0
734,2020-06-12,50,4,0,22.8,7.4,2.5,182.0
735,2020-06-13,84,5,0,24.7,10.6,1.8,50.0
736,2020-06-15,109,0,0,21.5,12.8,0.0,84.0
737,2020-06-16,95,1,0,22.5,13.5,0.0,109.0
738,2020-06-17,58,2,0,22.1,8.2,0.0,95.0
739,2020-06-18,160,3,0,20.1,6.4,0.0,58.0
740,2020-06-19,68,4,0,22.5,11.0,0.0,160.0
741,2020-06-20,71,5,0,22.7,12.8,0.0,68.0
742,2020-06-22,100,0,0,25.6,15.4,0.0,71.0
743,2020-06-23,91,1,0,24.4,12.3,0.0,100.0
744,2020-06-24,61,2,0,21.7,4.2,3.8,91.0
745,2020-06-25,199,3,0,21.5,3.9,2.5,61.0
746,2020-06-26,113,4,0,22.1,7.2,0.0,199.0
747,2020-06-27,99,5,0,22.9,10.1,0.0,113.0
748,2020-06-29,54,0,0,21.2,9.6,37.5,99.0
749,2020-06-30,62,1,0,19.8,2.8,24.4,54.0
750,2020-07-01,109,2,0,19.9,7.5,3.0,62.0
751,2020-07-02,171,3,0,22.4,11.2,0.0,109.0
752,2020-07-03,76,4,0,21.5,6.8,0.0,171.0
753,2020-07-04,76,5,0,21.5,9.2,0.0,76.0
754,2020-07-06,67,0,0,23.8,10.6,0.0,76.0
755,2020-07-07,84,1,0,23.7,6.7,0.0,67.0
756,2020-07-08,47,2,0,23.4,11.5,0.0,84.0
757,2020-07-09,118,3,0,25.4,11.6,0.0,47.0
758,2020-07-10,52,4,0,24.7,6.5,1.7,118.0
759,2020-07-11,68,5,0,25.0,8.0,0.0,52.0
760,2020-07-13,70,0,0,18.7,2.5,71.1,68.0
761,2020-07-14,75,1,0,19.5,4.1,8.8,70.0
762,2020-07-15,79,2,0,21.0,8.0,1.4,75.0
763,2020-07-16,176,3,0,22.3,10.5,0.0,79.0
764,2020-07-17,50,4,0,23.8,10.9,0.0,176.0
765,2020-07-18,65,5,0,23.6,8.8,0.0,50.0
766,2020-07-20,77,0,0,23.8,5.7,6.5,65.0
767,2020-07-21,60,1,0,24.3,8.3,0.0,77.0
768,2020-07-22,48,2,0,22.3,2.7,40.1,60.0
769,2020-07-23,60,3,0,21.3,2.3,56.7,48.0
770,2020-07-24,89,4,0,21.4,5.2,15.2,60.0
771,2020-07-25,70,5,0,22.5,6.9,0.8,89.0
772,2020-07-27,103,0,0,23.6,5.3,1.3,70.0
773,2020-07-28,94,1,0,23.5,4.3,4.5,103.0
774,2020-07-29,50,2,0,23.9,2.2,71.3,94.0
775,2020-07-30,77,3,0,24.5,4.3,52.0,50.0
776,2020-08-04,149,1,0,26.2,8.6,1.3,77.0
777,2020-08-05,107,2,0,25.8,3.6,15.8,149.0
778,2020-08-06,106,3,0,24.4,6.0,19.1,107.0
779,2020-08-07,90,4,0,22.1,3.2,5.9,106.0
780,2020-08-08,74,5,0,23.5,4.0,27.2,90.0
781,2020-08-10,106,0,0,25.6,6.2,13.5,74.0
782,2020-08-11,115,1,0,24.1,3.0,30.7,106.0
783,2020-08-12,72,2,0,25.5,6.5,24.5,115.0
784,2020-08-13,65,3,0,27.6,8.1,0.0,72.0
785,2020-08-14,43,4,0,28.0,6.1,0.0,65.0
786,2020-08-17,83,0,0,26.5,10.0,0.0,43.0
787,2020-08-18,195,1,0,26.3,9.3,0.0,83.0
788,2020-08-19,98,2,0,26.3,11.2,0.0,195.0
789,2020-08-20,155,3,0,26.6,10.1,0.0,98.0
790,2020-08-21,75,4,0,26.6,11.1,0.0,155.0
791,2020-08-22,41,5,0,24.8,5.9,6.6,75.0
792,2020-08-24,100,0,0,26.2,11.0,0.0,41.0
793,2020-08-25,50,1,0,27.8,11.7,0.0,100.0
794,2020-08-26,60,2,0,27.7,8.5,2.1,50.0
795,2020-08-27,78,3,0,27.5,6.9,19.1,60.0
796,2020-08-28,69,4,0,27.0,8.4,44.8,78.0
797,2020-08-29,69,5,0,26.0,7.3,25.1,69.0
798,2020-08-31,74,0,0,26.3,6.0,0.0,69.0
799,2020-09-01,68,1,0,25.6,9.0,0.3,74.0
800,2020-09-02,35,2,0,23.9,1.8,31.7,68.0
801,2020-09-03,73,3,0,22.8,5.6,56.6,35.0
802,2020-09-04,83,4,0,22.7,9.4,0.0,73.0
803,2020-09-05,67,5,0,20.6,7.7,0.0,83.0
804,2020-09-07,61,0,0,18.8,5.2,42.1,67.0
805,2020-09-08,103,1,0,22.4,8.2,0.0,61.0
806,2020-09-09,56,2,0,20.7,8.4,3.2,103.0
807,2020-09-10,103,3,0,20.9,10.8,0.0,56.0
808,2020-09-11,81,4,0,20.7,7.5,4.9,103.0
809,2020-09-12,83,5,0,18.7,3.0,12.5,81.0
810,2020-09-14,136,0,0,20.0,11.1,0.0,83.0
811,2020-09-15,108,1,0,21.2,10.6,0.0,136.0
812,2020-09-16,58,2,0,20.3,4.3,4.8,108.0
813,2020-09-17,134,3,0,20.2,6.6,0.0,58.0
814,2020-09-18,54,4,0,18.7,10.6,0.0,134.0
815,2020-09-19,148,5,0,17.0,12.0,0.2,54.0
816,2020-09-21,76,0,0,16.1,13.5,0.0,148.0
817,2020-09-22,89,1,0,17.5,11.4,0.0,76.0
818,2020-09-23,94,2,0,18.0,10.5,0.0,89.0
819,2020-09-24,125,3,0,19.5,10.8,0.0,94.0
820,2020-09-25,83,4,0,19.0,12.7,0.0,125.0
821,2020-09-26,80,5,0,17.5,11.2,0.0,83.0
822,2020-09-28,101,0,0,17.0,14.1,0.0,80.0
823,2020-09-29,70,1,0,16.7,13.5,0.0,101.0
824,2020-10-05,267,0,0,11.9,13.4,0.0,70.0
825,2020-10-06,124,1,0,11.9,13.7,0.0,267.0
826,2020-10-07,104,2,0,14.7,12.9,0.0,124.0
827,2020-10-08,267,3,0,15.4,13.2,0.0,104.0
828,2020-10-09,80,4,1,14.9,15.2,0.0,267.0
829,2020-10-10,99,5,0,15.0,13.6,0.0,80.0
830,2020-10-12,184,0,0,15.4,11.9,0.0,99.0
831,2020-10-13,129,1,0,10.7,12.1,0.0,184.0
832,2020-10-14,79,2,0,10.7,13.6,0.0,129.0
833,2020-10-15,242,3,0,9.0,14.2,0.0,79.0
834,2020-10-16,135,4,0,9.8,12.4,0.0,242.0
835,2020-10-17,96,5,0,10.6,13.9,0.0,135.0
836,2020-10-19,119,0,0,11.8,16.2,0.0,96.0
837,2020-10-20,78,1,0,11.8,13.9,0.0,119.0
838,2020-10-21,75,2,0,11.3,9.1,0.0,78.0
839,2020-10-22,171,3,0,11.7,10.3,0.0,75.0
840,2020-10-23,113,4,0,8.9,9.0,0.0,171.0
841,2020-10-24,145,5,0,6.5,14.0,0.0,113.0
842,2020-10-26,126,0,0,9.6,16.3,0.0,145.0
843,2020-10-27,103,1,0,10.6,16.1,0.0,126.0
844,2020-10-28,76,2,0,12.5,12.6,0.0,103.0
845,2020-10-29,174,3,0,7.8,16.7,0.0,76.0
846,2020-10-30,100,4,0,8.4,17.8,0.0,174.0
847,2020-10-31,125,5,0,10.3,16.7,0.0,100.0
848,2020-11-02,122,0,0,9.8,12.7,0.0,125.0
849,2020-11-03,91,1,0,5.6,8.5,1.2,122.0
850,2020-11-04,147,2,0,3.1,14.2,0.0,91.0
851,2020-11-05,122,3,0,6.6,17.0,0.0,147.0
852,2020-11-06,87,4,0,11.0,8.5,0.0,122.0
853,2020-11-07,61,5,0,11.2,12.9,0.0,87.0
854,2020-11-09,120,0,0,5.9,13.1,0.0,61.0
855,2020-11-10,94,1,0,5.6,14.3,0.0,120.0
856,2020-11-11,100,2,0,6.0,16.9,0.0,94.0
857,2020-11-12,137,3,0,7.2,18.9,0.0,100.0
858,2020-11-13,110,4,0,7.7,17.3,0.0,137.0
859,2020-11-14,125,5,0,9.3,14.6,0.0,110.0
860,2020-11-16,118,0,0,9.1,15.1,0.0,125.0
861,2020-11-17,74,1,0,13.6,13.7,2.7,118.0
862,2020-11-18,67,2,0,15.7,7.9,3.8,74.0
863,2020-11-19,96,3,0,15.1,11.1,28.8,67.0
864,2020-11-20,82,4,0,5.3,6.2,0.0,96.0
865,2020-11-21,87,5,0,6.9,14.5,0.0,82.0
866,2020-11-23,101,0,0,2.0,8.7,0.0,87.0
867,2020-11-24,83,1,0,2.9,12.2,0.0,101.0
868,2020-11-25,66,2,0,3.0,14.5,0.0,83.0
869,2020-11-26,147,3,0,4.5,12.2,0.0,66.0
870,2020-11-27,91,4,0,4.3,6.6,0.0,147.0
871,2020-11-28,57,5,0,1.8,4.7,0.0,91.0
872,2020-11-30,94,0,0,-0.7,10.1,0.0,57.0
873,2020-12-01,89,1,0,-0.3,14.1,0.0,94.0
874,2020-12-02,113,2,0,2.9,9.3,0.0,89.0
875,2020-12-03,157,3,0,0.5,9.5,0.0,113.0
876,2020-12-04,107,4,0,-1.2,12.2,0.0,157.0
877,2020-12-05,76,5,0,-1.2,10.4,0.0,107.0
878,2020-12-07,105,0,0,2.7,9.3,0.0,76.0
879,2020-12-08,101,1,0,-0.8,10.2,0.0,105.0
880,2020-12-10,137,3,0,4.3,8.6,0.0,101.0
881,2020-12-11,82,4,0,4.7,9.8,0.0,137.0
882,2020-12-12,60,5,0,2.6,10.9,0.0,82.0
883,2020-12-14,79,0,0,-5.6,4.8,0.0,60.0
884,2020-12-15,54,1,0,-6.6,9.9,0.0,79.0
885,2020-12-16,58,2,0,-7.0,10.1,0.0,54.0
886,2020-12-17,98,3,0,-6.2,13.7,0.0,58.0
887,2020-12-18,55,4,0,-1.4,7.9,1.3,98.0
888,2020-12-19,72,5,0,-5.1,10.9,0.0,55.0
889,2020-12-21,89,0,0,-1.8,12.6,0.0,72.0
890,2020-12-22,73,1,0,-0.7,14.2,0.0,89.0
891,2020-12-23,48,2,0,1.5,13.5,0.0,73.0
892,2020-12-24,95,3,0,2.2,9.4,0.0,48.0
893,2020-12-26,78,5,0,0.1,13.3,0.0,95.0
894,2020-12-28,96,0,0,3.3,13.4,0.0,78.0
895,2020-12-29,66,1,0,0.0,8.3,0.8,96.0
896,2020-12-30,47,2,0,-8.8,7.7,0.0,66.0
897,2020-12-31,68,3,0,-9.6,11.8,0.0,47.0
898,2021-01-02,44,5,0,-6.2,11.7,0.0,68.0
899,2021-01-04,111,0,0,-4.5,13.4,0.0,44.0
900,2021-01-05,65,1,0,-4.2,9.2,0.2,111.0
901,2021-01-06,49,2,0,-7.0,11.9,1.4,65.0
902,2021-01-07,32,3,0,-13.1,14.3,0.3,49.0
903,2021-01-08,35,4,0,-14.1,9.2,0.0,32.0
904,2021-01-09,66,5,0,-13.4,12.7,0.0,35.0
905,2021-01-11,93,0,0,-8.1,10.8,0.0,66.0
906,2021-01-12,51,1,0,-3.9,13.4,0.1,93.0
907,2021-01-13,54,2,0,2.1,15.2,0.0,51.0
908,2021-01-14,113,3,0,1.1,14.7,0.0,54.0
909,2021-01-15,57,4,0,3.6,15.0,0.0,113.0
910,2021-01-16,68,5,0,-2.7,7.4,0.0,57.0
911,2021-01-18,38,0,0,-3.1,12.1,1.2,68.0
912,2021-01-19,57,1,0,-7.2,13.4,0.0,38.0
913,2021-01-20,61,2,0,-3.1,18.6,0.0,57.0
914,2021-01-21,58,3,0,3.8,12.1,7.9,61.0
915,2021-01-22,59,4,0,6.0,5.0,1.4,58.0
916,2021-01-23,62,5,0,8.3,9.6,0.0,59.0
917,2021-01-25,77,0,0,4.9,13.6,0.0,62.0
918,2021-01-26,40,1,0,4.2,5.9,2.9,77.0
919,2021-01-27,71,2,0,1.9,9.1,0.0,40.0
920,2021-01-28,62,3,0,-3.0,10.0,2.4,71.0
921,2021-01-29,78,4,0,-7.7,7.4,0.0,62.0
922,2021-01-30,87,5,0,-1.3,19.3,0.0,78.0
923,2021-02-01,73,0,0,5.5,10.6,5.6,87.0
924,2021-02-02,26,1,0,-4.0,7.0,0.0,73.0
925,2021-02-03,56,2,0,-3.4,14.7,0.6,26.0
926,2021-02-04,75,3,0,-2.3,8.5,0.8,56.0
927,2021-02-05,54,4,0,-1.2,16.0,0.0,75.0
928,2021-02-06,111,5,0,4.0,16.1,0.0,54.0
929,2021-02-08,95,0,0,-2.1,4.7,0.0,111.0
930,2021-02-09,67,1,0,-1.6,13.5,0.0,95.0
931,2021-02-10,35,2,0,0.2,15.0,0.0,67.0
932,2021-02-15,100,0,0,1.8,10.6,1.3,35.0
933,2021-02-16,48,1,0,-4.3,8.8,0.9,100.0
934,2021-02-17,86,2,0,-7.1,3.8,0.0,48.0
935,2021-02-18,61,3,0,-5.2,8.5,0.0,86.0
936,2021-02-19,78,4,0,1.1,19.2,0.0,61.0
937,2021-02-22,128,0,0,6.3,14.3,0.0,78.0
938,2021-02-23,116,1,0,0.4,8.3,0.0,128.0
939,2021-02-24,50,2,0,2.5,14.3,0.0,116.0
940,2021-02-25,127,3,0,3.1,11.4,0.0,50.0
941,2021-02-26,66,4,0,6.8,17.3,0.0,127.0
942,2021-02-27,63,5,0,7.0,11.7,0.0,66.0
943,2021-03-01,12,0,1,7.0,9.6,55.8,63.0
944,2021-03-02,120,1,0,2.3,8.3,0.2,12.0
945,2021-03-03,101,2,0,2.7,12.8,0.0,120.0
946,2021-03-04,153,3,0,4.4,11.0,0.0,101.0
947,2021-03-05,63,4,0,6.6,18.5,0.0,153.0
948,2021-03-06,95,5,0,6.5,9.2,0.0,63.0
949,2021-03-08,116,0,0,5.4,15.4,0.0,95.0
950,2021-03-09,87,1,0,5.0,13.6,0.0,116.0
951,2021-03-10,78,2,0,6.6,18.8,0.0,87.0
952,2021-03-11,306,3,0,8.3,18.0,0.0,78.0
953,2021-03-12,89,4,0,7.8,4.0,3.8,306.0
954,2021-03-13,85,5,0,7.2,14.4,0.0,89.0
955,2021-03-15,118,0,0,10.2,17.3,0.0,85.0
956,2021-03-16,118,1,0,8.4,11.7,0.2,118.0
957,2021-03-17,74,2,0,7.4,20.1,0.0,118.0
958,2021-03-18,434,3,0,9.9,18.5,0.0,74.0
959,2021-03-19,80,4,0,13.4,8.4,0.0,434.0
960,2021-03-20,62,5,0,8.3,5.8,3.7,80.0
961,2021-03-22,123,0,0,5.9,13.2,0.0,62.0
962,2021-03-23,114,1,0,7.6,19.4,0.0,123.0
963,2021-03-24,79,2,0,8.8,18.3,0.0,114.0
964,2021-03-25,605,3,0,11.2,16.5,0.0,79.0
965,2021-03-26,93,4,0,11.3,19.9,0.0,605.0
966,2021-03-27,99,5,0,11.2,10.8,11.1,93.0
967,2021-03-29,114,0,0,11.1,9.4,0.0,99.0
968,2021-03-30,77,1,0,10.1,17.1,0.0,114.0
969,2021-03-31,60,2,0,12.2,23.0,0.0,77.0
970,2021-04-01,275,3,0,14.4,14.8,0.0,60.0
971,2021-04-02,116,4,0,17.0,9.0,0.0,275.0
972,2021-04-03,133,5,0,15.6,4.3,35.0,116.0
973,2021-04-05,144,0,0,10.1,15.6,0.0,133.0
974,2021-04-06,82,1,0,11.6,15.2,0.0,144.0
975,2021-04-07,79,2,0,12.3,17.8,0.0,82.0
976,2021-04-08,278,3,0,11.4,15.1,0.0,79.0
977,2021-04-09,101,4,0,11.1,17.4,0.0,278.0
978,2021-04-10,90,5,0,10.7,15.1,0.0,101.0
979,2021-04-12,90,0,0,12.6,6.3,9.9,90.0
980,2021-04-13,116,1,0,10.3,10.3,0.4,90.0
981,2021-04-14,109,2,0,8.0,13.5,0.0,116.0
982,2021-04-15,193,3,0,9.3,18.1,0.0,109.0
983,2021-04-16,95,4,0,10.0,9.9,0.0,193.0
984,2021-04-17,164,5,0,8.5,14.2,0.0,95.0
985,2021-04-19,117,0,0,11.2,20.4,0.0,164.0
986,2021-04-20,150,1,0,13.4,20.5,0.0,117.0
987,2021-04-21,40,2,0,18.1,23.0,0.0,150.0
988,2021-04-22,181,3,0,20.5,14.2,0.0,40.0
989,2021-04-23,101,4,0,18.3,7.0,0.0,181.0
990,2021-04-24,134,5,0,16.8,12.4,0.0,101.0
991,2021-04-26,179,0,0,15.1,16.1,0.0,134.0
992,2021-04-27,80,1,0,14.8,11.0,0.0,179.0
993,2021-04-28,68,2,0,14.5,10.1,1.1,80.0
994,2021-04-29,252,3,0,14.0,10.9,2.0,68.0
995,2021-04-30,84,4,0,11.4,7.2,3.5,252.0
996,2021-05-01,127,5,0,10.1,4.4,2.9,84.0
997,2021-05-03,89,0,0,12.6,18.6,0.0,127.0
998,2021-05-04,87,1,0,15.3,11.5,9.1,89.0
999,2021-05-06,248,3,0,13.3,19.8,0.0,87.0
1000,2021-05-07,87,4,0,12.8,11.3,3.7,248.0
1001,2021-05-08,117,5,0,14.2,17.7,0.0,87.0
1002,2021-05-10,135,0,0,11.0,5.6,20.0,117.0
1003,2021-05-11,151,1,0,16.6,10.2,2.3,135.0
1004,2021-05-12,100,2,0,18.2,15.8,0.0,151.0
1005,2021-05-13,264,3,0,20.0,17.3,0.0,100.0
1006,2021-05-14,110,4,0,21.9,16.6,0.0,264.0
1007,2021-05-15,123,5,0,21.2,6.8,4.9,110.0
1008,2021-05-17,105,0,0,15.8,2.1,5.8,123.0
1009,2021-05-18,117,1,0,17.3,10.4,0.0,105.0
1010,2021-05-20,163,3,0,16.2,6.0,9.1,117.0
1011,2021-05-21,76,4,0,14.3,3.1,7.4,163.0
1012,2021-05-22,118,5,0,16.6,12.0,0.0,76.0
1013,2021-05-24,151,0,0,17.6,11.9,0.0,118.0
1014,2021-05-25,106,1,0,14.3,10.8,3.6,151.0
1015,2021-05-26,69,2,0,15.2,14.8,0.0,106.0
1016,2021-05-27,159,3,0,15.0,8.9,3.1,69.0
1017,2021-05-28,86,4,0,13.6,8.3,26.0,159.0
1018,2021-05-29,127,5,0,16.2,13.6,0.0,86.0
1019,2021-05-31,82,0,0,18.9,8.3,3.5,127.0
1020,2021-06-01,89,1,0,20.3,11.5,0.0,82.0
1021,2021-06-02,51,2,0,22.4,15.1,0.0,89.0
1022,2021-06-03,144,3,0,17.6,6.3,18.7,51.0
1023,2021-06-04,92,4,0,18.0,12.8,0.1,144.0
1024,2021-06-05,58,5,0,19.4,13.1,0.0,92.0
1025,2021-06-07,110,0,0,20.2,13.0,0.0,58.0
1026,2021-06-08,105,1,0,22.8,13.0,0.0,110.0
1027,2021-06-09,71,2,0,24.2,14.9,0.0,105.0
1028,2021-06-10,181,3,0,23.6,10.1,2.0,71.0
1029,2021-06-12,192,5,0,23.0,13.3,0.0,181.0
1030,2021-06-14,149,0,0,23.1,11.5,0.0,192.0
1031,2021-06-15,90,1,0,22.4,4.5,0.0,149.0
1032,2021-06-16,47,2,0,23.3,7.1,0.0,90.0
1033,2021-06-17,162,3,0,21.1,4.4,0.0,47.0
1034,2021-06-18,71,4,0,20.4,4.1,1.9,162.0
1035,2021-06-19,80,5,0,21.8,11.1,0.0,71.0
1036,2021-06-21,91,0,0,22.7,11.6,0.0,80.0
1037,2021-06-22,65,1,0,20.8,11.7,1.6,91.0
1038,2021-06-23,57,2,0,19.4,5.7,2.0,65.0
1039,2021-06-24,147,3,0,21.7,10.6,0.0,57.0
1040,2021-06-25,84,4,0,23.1,12.2,0.0,147.0
1041,2021-06-26,80,5,0,21.1,7.5,8.1,84.0
1042,2021-06-28,115,0,0,22.7,8.9,2.2,80.0
1043,2021-06-29,61,1,0,22.9,10.8,0.0,115.0
1044,2021-06-30,64,2,0,23.4,9.4,0.0,61.0
1045,2021-07-01,126,3,0,25.1,12.3,0.0,64.0
1046,2021-07-02,59,4,0,25.2,10.3,0.0,126.0
1047,2021-07-03,61,5,0,22.5,5.2,27.5,59.0
1048,2021-07-05,133,0,0,22.5,6.5,0.8,61.0
1049,2021-07-06,62,1,0,23.4,7.0,5.9,133.0
1050,2021-07-07,47,2,0,24.7,5.3,43.4,62.0
1051,2021-07-08,114,3,0,25.1,7.9,31.3,47.0
1052,2021-07-09,45,4,0,24.5,8.4,0.3,114.0
1053,2021-07-10,60,5,0,25.1,8.1,0.2,45.0
1054,2021-07-12,109,0,0,26.2,11.1,0.0,60.0
1055,2021-07-13,40,1,0,27.4,9.3,0.0,109.0
1056,2021-07-14,64,2,0,27.5,8.8,0.0,40.0
1057,2021-07-15,132,3,0,27.2,10.7,0.0,64.0
1058,2021-07-16,38,4,0,25.9,11.6,0.5,132.0
1059,2021-07-17,73,5,0,25.5,9.6,0.1,38.0
1060,2021-07-19,89,0,0,26.2,9.3,0.0,73.0
1061,2021-07-20,125,1,0,26.5,7.8,0.0,89.0
1062,2021-07-21,62,2,0,27.7,12.2,0.0,125.0
1063,2021-07-22,101,3,0,27.1,12.6,0.0,62.0
1064,2021-07-23,62,4,0,27.7,12.4,0.0,101.0
1065,2021-07-24,72,5,0,28.0,10.8,0.0,62.0
1066,2021-07-26,67,0,0,28.1,9.4,0.0,72.0
1067,2021-07-27,56,1,0,28.1,12.6,0.0,67.0
1068,2021-07-28,52,2,0,28.6,10.6,0.0,56.0
1069,2021-07-29,84,3,0,27.7,10.7,0.0,52.0
1070,2021-07-30,44,4,0,28.9,10.8,0.0,84.0
1071,2021-07-31,47,5,0,28.4,9.1,0.0,44.0
1072,2021-08-03,2,1,0,26.5,6.8,1.6,47.0
1073,2021-08-04,15,2,0,27.5,9.2,0.0,2.0
1074,2021-08-05,173,3,0,28.0,10.4,0.0,15.0
1075,2021-08-06,58,4,0,27.4,10.6,0.0,173.0
1076,2021-08-07,31,5,0,26.3,10.8,0.0,58.0
1077,2021-08-09,101,0,0,26.7,11.4,0.0,31.0
1078,2021-08-10,18,1,0,24.7,7.9,16.2,101.0
1079,2021-08-11,68,2,0,25.7,10.7,0.0,18.0
1080,2021-08-12,94,3,0,25.2,9.8,2.9,68.0
1081,2021-08-13,65,4,0,24.3,7.4,0.0,94.0
1082,2021-08-14,80,5,0,24.6,6.0,0.0,65.0
1083,2021-08-17,116,1,0,23.6,8.9,0.9,80.0
1084,2021-08-18,50,2,0,22.8,9.9,4.9,116.0
1085,2021-08-19,84,3,0,23.1,10.5,0.0,50.0
1086,2021-08-20,38,4,0,24.3,10.9,5.3,84.0
1087,2021-08-21,54,5,0,23.1,6.6,24.9,38.0
1088,2021-08-23,50,0,0,21.4,3.5,68.4,54.0
1089,2021-08-24,65,1,0,24.0,7.1,8.2,50.0
1090,2021-08-25,46,2,0,22.6,2.1,25.1,65.0
1091,2021-08-26,71,3,0,24.1,6.7,0.0,46.0
1092,2021-08-27,54,4,0,21.0,6.3,17.8,71.0
1093,2021-08-28,62,5,0,21.6,7.5,0.0,54.0
1094,2021-08-30,89,0,0,21.5,6.2,0.0,62.0
1095,2021-08-31,83,1,0,21.4,4.5,7.1,89.0
1096,2021-09-01,31,2,0,22.0,2.7,117.1,83.0
1097,2021-09-02,107,3,0,22.5,5.3,0.0,31.0
1098,2021-09-03,82,4,0,22.5,9.7,0.0,107.0
1099,2021-09-04,80,5,0,21.4,10.2,0.0,82.0
1100,2021-09-06,76,0,0,20.2,7.7,37.5,80.0
1101,2021-09-07,69,1,0,20.3,4.6,5.1,76.0
1102,2021-09-08,76,2,0,21.0,9.6,2.5,69.0
1103,2021-09-09,127,3,0,20.2,12.3,0.0,76.0
1104,2021-09-10,69,4,0,21.7,10.3,0.0,127.0
1105,2021-09-11,51,5,0,22.4,10.6,0.0,69.0
1106,2021-09-13,120,0,0,22.7,10.6,0.0,51.0
1107,2021-09-14,67,1,0,21.5,8.3,0.0,120.0
1108,2021-09-15,64,2,0,21.4,12.7,0.0,67.0
1109,2021-09-16,54,3,0,21.2,11.2,0.0,64.0
1110,2021-09-17,75,4,0,19.1,6.0,10.4,54.0
1111,2021-09-18,55,5,0,19.9,14.0,0.0,75.0
1112,2021-09-23,226,3,0,19.0,11.3,0.0,55.0
1113,2021-09-24,88,4,0,19.3,13.1,0.0,226.0
1114,2021-09-25,90,5,0,19.7,7.9,0.0,88.0
1115,2021-09-27,108,0,0,20.5,8.5,0.0,90.0
1116,2021-09-28,69,1,0,20.6,5.9,0.3,108.0
1117,2021-09-29,32,2,0,20.2,4.0,21.6,69.0
1118,2021-09-30,96,3,0,20.2,11.0,0.0,32.0
1119,2021-10-01,90,4,0,19.9,12.0,11.9,96.0
1120,2021-10-02,69,5,0,19.0,12.0,1.6,90.0
1121,2021-10-04,54,0,0,21.0,12.9,0.0,69.0
1122,2021-10-05,136,1,0,22.0,11.3,0.0,54.0
1123,2021-10-06,68,2,0,20.5,7.1,0.9,136.0
1124,2021-10-07,63,3,0,19.1,4.1,13.4,68.0
1125,2021-10-08,74,4,0,19.4,3.8,1.5,63.0
1126,2021-10-11,111,0,0,16.0,5.2,2.8,74.0
1127,2021-10-12,124,1,0,16.3,1.4,1.0,111.0
1128,2021-10-13,115,2,0,18.0,9.4,0.0,124.0
1129,2021-10-14,124,3,0,18.0,11.2,0.0,115.0
1130,2021-10-15,70,4,0,17.5,5.5,3.1,124.0
1131,2021-10-16,78,5,0,11.4,11.8,3.4,70.0
1132,2021-10-18,168,0,0,7.7,17.7,0.0,78.0
1133,2021-10-19,72,1,0,9.8,11.6,5.0,168.0
1134,2021-10-20,96,2,0,7.5,14.2,0.0,72.0
1135,2021-10-21,157,3,0,7.7,14.6,0.0,96.0
1136,2021-10-22,99,4,0,8.1,15.3,0.0,157.0
1137,2021-10-23,123,5,0,8.7,16.6,0.0,99.0
1138,2021-10-25,252,0,0,9.0,15.1,0.0,123.0
1139,2021-10-26,73,1,0,9.8,15.8,0.0,252.0
1140,2021-10-27,103,2,0,10.5,13.8,0.0,73.0
1141,2021-10-28,131,3,0,9.2,17.2,0.0,103.0
1142,2021-10-29,86,4,0,10.9,15.1,0.0,131.0
1143,2021-10-30,125,5,0,10.5,11.1,0.0,86.0
1144,2021-11-01,95,0,0,10.8,11.0,0.0,125.0
1145,2021-11-02,65,1,0,10.5,10.7,0.0,95.0
1146,2021-11-03,84,2,0,9.5,14.3,0.0,65.0
1147,2021-11-04,152,3,0,11.3,12.1,0.1,84.0
1148,2021-11-05,88,4,0,10.1,14.6,0.0,152.0
1149,2021-11-06,94,5,0,11.4,15.9,0.0,88.0
1150,2021-11-08,116,0,0,9.8,10.1,16.9,94.0
1151,2021-11-09,72,1,0,6.6,6.1,3.9,116.0
1152,2021-11-10,79,2,0,4.1,6.0,6.0,72.0
1153,2021-11-11,160,3,0,5.4,9.3,2.5,79.0
1154,2021-11-12,53,4,0,4.4,7.8,1.0,160.0
1155,2021-11-13,99,5,0,5.3,15.2,0.0,53.0
1156,2021-11-15,140,0,0,7.1,14.0,0.0,99.0
1157,2021-11-16,88,1,0,6.2,13.8,0.0,140.0
1158,2021-11-17,65,2,0,5.5,14.6,0.0,88.0
1159,2021-11-18,119,3,0,8.5,16.0,0.0,65.0
1160,2021-11-19,63,4,0,10.2,14.2,0.0,119.0
1161,2021-11-20,162,5,0,9.1,11.7,0.0,63.0
1162,2021-11-22,100,0,0,3.8,10.4,8.7,162.0
1163,2021-11-23,107,1,0,0.2,5.4,1.7,100.0
1164,2021-11-24,64,2,0,3.5,11.8,0.0,107.0
1165,2021-11-25,133,3,0,5.1,12.8,0.3,64.0
1166,2021-11-26,79,4,0,3.0,13.0,0.0,133.0
1167,2021-11-27,70,5,0,1.7,13.7,0.0,79.0
1168,2021-11-29,104,0,0,4.1,15.0,0.0,70.0
1169,2021-11-30,57,1,0,5.3,7.4,26.5,104.0
1170,2021-12-01,103,2,0,0.3,5.7,0.0,57.0
1171,2021-12-02,119,3,0,0.7,13.7,0.0,103.0
1172,2021-12-03,72,4,0,2.8,6.0,2.0,119.0
1173,2021-12-04,78,5,0,-0.5,10.8,0.0,72.0
1174,2021-12-06,91,0,0,2.6,16.7,0.0,78.0
1175,2021-12-07,105,1,0,3.9,14.4,0.0,91.0
1176,2021-12-08,80,2,0,3.8,15.3,0.0,105.0
1177,2021-12-09,72,3,0,3.8,12.3,0.0,80.0
1178,2021-12-11,152,5,0,6.1,7.8,0.0,72.0
1179,2021-12-13,102,0,0,-2.4,8.9,0.0,152.0
1180,2021-12-14,64,1,0,2.2,12.2,0.3,102.0
1181,2021-12-15,59,2,0,5.0,8.1,0.9,64.0
1182,2021-12-16,111,3,0,4.8,9.3,0.0,59.0
1183,2021-12-17,62,4,0,-3.3,14.6,0.0,111.0
1184,2021-12-18,63,5,0,-4.8,12.5,0.0,62.0
1185,2021-12-20,111,0,0,3.6,15.4,0.0,63.0
1186,2021-12-21,65,1,0,3.7,13.0,0.0,111.0
1187,2021-12-22,44,2,0,0.4,14.5,0.0,65.0
1188,2021-12-23,131,3,0,0.4,15.2,0.0,44.0
1189,2021-12-24,62,4,0,0.0,10.6,0.0,131.0
1190,2021-12-27,96,0,0,-7.2,13.7,0.0,62.0
1191,2021-12-28,71,1,0,-3.0,9.7,0.0,96.0
1192,2021-12-29,48,2,0,1.1,12.5,0.0,71.0
1193,2021-12-30,85,3,0,-2.1,5.2,0.0,48.0
1194,2021-12-31,76,4,0,-5.1,7.4,0.0,85.0
1195,2022-01-03,87,0,0,-4.2,14.9,0.0,76.0
1196,2022-01-04,104,1,0,-2.2,10.5,0.0,87.0
1197,2022-01-05,68,2,0,-3.7,13.8,0.0,104.0
1198,2022-01-06,95,3,0,-2.7,13.4,0.0,68.0
1199,2022-01-07,51,4,0,-4.1,16.1,0.0,95.0
1200,2022-01-08,88,5,0,-1.2,16.9,0.0,51.0
1201,2022-01-10,75,0,0,-1.0,12.8,0.0,88.0
1202,2022-01-11,88,1,0,-5.1,8.9,0.5,75.0
1203,2022-01-12,49,2,0,-7.3,12.4,0.0,88.0
1204,2022-01-13,60,3,0,-5.3,7.9,0.0,49.0
1205,2022-01-14,69,4,0,-5.2,13.1,0.0,60.0
1206,2022-01-15,94,5,0,-2.3,13.0,0.0,69.0
1207,2022-01-17,58,0,0,-4.7,13.0,1.0,94.0
1208,2022-01-18,35,1,0,-7.2,14.3,0.0,58.0
1209,2022-01-19,20,2,0,-5.8,12.9,0.0,35.0
1210,2022-01-20,93,3,0,-5.5,15.2,0.0,20.0
1211,2022-01-21,72,4,0,-4.7,18.0,0.0,93.0
1212,2022-01-22,43,5,0,0.7,15.9,0.0,72.0
1213,2022-01-24,62,0,0,2.8,14.7,0.0,43.0
1214,2022-01-25,73,1,0,2.3,3.9,0.5,62.0
1215,2022-01-26,56,2,0,1.3,8.2,0.0,73.0
1216,2022-01-27,103,3,0,-1.2,10.9,0.0,56.0
1217,2022-01-28,66,4,0,-1.6,8.7,0.0,103.0
1218,2022-01-29,12,5,0,-3.5,9.8,0.0,66.0
1219,2022-02-03,139,3,0,-3.6,10.9,0.0,12.0
1220,2022-02-04,90,4,0,-4.0,8.3,0.0,139.0
1221,2022-02-05,91,5,0,-5.1,7.8,0.0,90.0
1222,2022-02-07,106,0,0,-3.0,13.0,0.0,91.0
1223,2022-02-08,51,1,0,-1.5,14.1,0.0,106.0
1224,2022-02-09,57,2,0,-0.4,17.0,0.0,51.0
1225,2022-02-10,74,3,0,1.1,11.3,0.0,57.0
1226,2022-02-11,65,4,0,0.7,16.8,0.0,74.0
1227,2022-02-12,48,5,0,2.3,14.6,0.0,65.0
1228,2022-02-14,75,0,0,1.9,15.7,1.0,48.0
1229,2022-02-15,41,1,0,-3.1,5.5,0.0,75.0
1230,2022-02-16,54,2,0,-5.9,4.4,0.0,41.0
1231,2022-02-17,56,3,0,-6.1,9.0,0.0,54.0
1232,2022-02-18,36,4,0,-2.9,18.6,0.0,56.0
1233,2022-02-19,90,5,0,-0.6,8.2,0.0,36.0
1234,2022-02-21,90,0,0,-2.1,15.5,0.0,90.0
1235,2022-02-22,58,1,0,-3.0,8.9,0.5,90.0
1236,2022-02-23,32,2,0,-5.3,11.5,0.0,58.0
1237,2022-02-24,41,3,0,-3.6,15.4,0.0,32.0
1238,2022-02-25,66,4,0,0.7,19.5,0.0,41.0
1239,2022-02-26,84,5,0,5.1,14.8,0.6,66.0
1240,2022-02-28,93,0,0,3.9,17.2,0.0,84.0
1241,2022-03-01,14,1,1,4.5,9.7,0.9,93.0
1242,2022-03-02,73,2,0,1.9,15.8,0.0,14.0
1243,2022-03-03,188,3,0,3.6,17.7,0.0,73.0
1244,2022-03-04,109,4,0,7.3,20.1,0.0,188.0
1245,2022-03-05,79,5,0,3.0,9.2,0.0,109.0
1246,2022-03-07,105,0,0,1.7,14.9,0.0,79.0
1247,2022-03-08,49,1,0,3.8,18.2,0.0,105.0
1248,2022-03-09,37,2,0,5.8,16.8,0.0,49.0
1249,2022-03-10,155,3,0,7.5,18.6,0.0,37.0
1250,2022-03-11,57,4,0,9.4,18.0,0.0,155.0
1251,2022-03-12,70,5,0,13.7,15.1,0.0,57.0
1252,2022-03-14,63,0,0,9.6,8.2,3.2,70.0
1253,2022-03-15,98,1,0,8.2,11.5,0.0,63.0
1254,2022-03-16,92,2,0,9.1,17.7,0.0,98.0
1255,2022-03-17,208,3,0,8.5,3.9,4.5,92.0
1256,2022-03-18,97,4,0,6.9,3.6,2.3,208.0
1257,2022-03-19,65,5,0,3.7,5.5,6.7,97.0
1258,2022-03-21,106,0,0,4.2,13.8,0.0,65.0
1259,2022-03-22,77,1,0,5.7,14.4,0.0,106.0
1260,2022-03-23,53,2,0,4.4,8.6,0.0,77.0
1261,2022-03-24,175,3,0,6.7,16.5,0.0,53.0
1262,2022-03-25,73,4,0,11.4,15.2,8.0,175.0
1263,2022-03-26,60,5,0,11.1,8.9,15.1,73.0
1264,2022-03-28,93,0,0,6.1,16.9,0.0,60.0
1265,2022-03-29,47,1,0,8.4,19.2,0.0,93.0
1266,2022-03-30,76,2,0,10.4,15.7,0.0,47.0
1267,2022-03-31,204,3,0,10.2,7.4,0.0,76.0
1268,2022-04-01,86,4,0,8.0,13.5,0.0,204.0
1269,2022-04-02,129,5,0,6.2,17.2,0.0,86.0
1270,2022-04-04,141,0,0,8.5,17.7,0.0,129.0
1271,2022-04-05,73,1,0,8.6,18.8,0.0,141.0
1272,2022-04-06,121,2,0,10.2,16.9,0.0,73.0
1273,2022-04-07,277,3,0,10.9,12.2,0.0,121.0
1274,2022-04-08,82,4,0,11.9,22.0,0.0,277.0
1275,2022-04-09,108,5,0,16.5,18.1,0.0,82.0
1276,2022-04-11,139,0,0,18.4,18.0,0.0,108.0
1277,2022-04-12,130,1,0,18.9,15.9,0.0,139.0
1278,2022-04-13,41,2,0,11.9,7.8,16.4,130.0
1279,2022-04-14,365,3,0,9.8,4.3,9.5,41.0
1280,2022-04-15,103,4,0,11.1,14.6,0.0,365.0
1281,2022-04-16,132,5,0,10.7,15.2,0.0,103.0
1282,2022-04-18,147,0,0,13.2,15.1,0.0,132.0
1283,2022-04-19,104,1,0,13.3,19.1,0.0,147.0
1284,2022-04-20,91,2,0,13.0,20.2,0.0,104.0
1285,2022-04-21,277,3,0,13.4,17.4,0.0,91.0
1286,2022-04-22,65,4,0,15.5,14.8,0.0,277.0
1287,2022-04-23,132,5,0,16.3,15.1,0.0,65.0
1288,2022-04-25,162,0,0,19.0,11.8,3.9,132.0
1289,2022-04-26,86,1,0,18.6,9.0,9.0,162.0
1290,2022-04-27,106,2,0,15.5,13.4,0.0,86.0
1291,2022-04-28,383,3,0,15.6,18.3,0.0,106.0
1292,2022-04-29,75,4,0,12.2,7.1,12.8,383.0
1293,2022-04-30,76,5,0,12.3,10.5,0.0,75.0
1294,2022-05-02,118,0,0,11.8,14.5,0.0,76.0
1295,2022-05-03,75,1,0,12.2,18.9,0.0,118.0
1296,2022-05-04,62,2,0,15.4,21.1,0.0,75.0
1297,2022-05-05,315,3,0,16.7,19.7,0.0,62.0
1298,2022-05-06,135,4,0,18.2,16.4,0.0,315.0
1299,2022-05-07,98,5,0,16.6,10.9,0.0,135.0
1300,2022-05-09,148,0,0,15.5,12.5,2.2,98.0
1301,2022-05-10,65,1,0,16.8,17.1,0.0,148.0
1302,2022-05-11,63,2,0,17.8,12.9,0.0,65.0
1303,2022-05-12,317,3,0,18.7,14.3,0.0,63.0
1304,2022-05-13,99,4,0,17.2,8.4,0.0,317.0
1305,2022-05-14,97,5,0,14.2,12.3,0.0,99.0
1306,2022-05-16,104,0,0,14.7,20.0,0.0,97.0
1307,2022-05-17,96,1,0,18.3,19.0,0.0,104.0
1308,2022-05-18,109,2,0,19.8,16.3,0.0,96.0
1309,2022-05-19,232,3,0,17.8,14.4,0.0,109.0
1310,2022-05-20,64,4,0,18.7,15.6,0.0,232.0
1311,2022-05-21,82,5,0,19.6,12.1,0.0,64.0
1312,2022-05-23,150,0,0,22.0,16.6,0.0,82.0
1313,2022-05-24,100,1,0,20.8,17.4,0.0,150.0
1314,2022-05-25,74,2,0,19.7,14.7,0.9,100.0
1315,2022-05-26,233,3,0,18.0,11.8,5.6,74.0
1316,2022-05-27,96,4,0,18.5,12.9,0.0,233.0
1317,2022-05-28,49,5,0,19.6,17.8,0.0,96.0
1318,2022-05-30,130,0,0,19.8,8.3,0.1,49.0
1319,2022-05-31,79,1,0,18.8,16.9,0.0,130.0
1320,2022-06-02,295,3,0,19.6,18.9,0.0,79.0
1321,2022-06-03,79,4,0,22.9,14.9,0.0,295.0
1322,2022-06-04,37,5,0,22.6,12.8,0.0,79.0
1323,2022-06-07,129,1,0,16.7,7.9,0.0,37.0
1324,2022-06-08,70,2,0,18.9,12.9,0.0,129.0
1325,2022-06-09,175,3,0,20.5,9.0,0.0,70.0
1326,2022-06-10,104,4,0,21.5,13.1,0.0,175.0
1327,2022-06-11,89,5,0,23.1,15.5,0.0,104.0
1328,2022-06-13,146,0,0,22.5,7.8,0.0,89.0
1329,2022-06-14,105,1,0,18.0,5.2,1.2,146.0
1330,2022-06-15,90,2,0,18.8,10.6,17.1,105.0
1331,2022-06-16,239,3,0,20.4,9.2,0.0,90.0
1332,2022-06-22,318,2,0,25.0,12.7,0.0,239.0
1333,2022-06-23,174,3,0,24.1,10.1,45.3,318.0
1334,2022-06-24,113,4,0,24.1,7.2,12.0,174.0
1335,2022-06-25,70,5,0,26.1,12.8,0.0,113.0
1336,2022-06-27,121,0,0,27.2,5.3,1.0,70.0
1337,2022-06-28,66,1,0,28.5,4.4,0.1,121.0
1338,2022-06-29,44,2,0,25.5,5.0,55.5,66.0
1339,2022-06-30,135,3,0,25.1,9.2,30.9,44.0
1340,2022-07-01,78,4,0,26.8,9.8,0.0,135.0
1341,2022-07-02,106,5,0,27.3,12.0,0.0,78.0
1342,2022-07-04,99,0,0,26.9,10.4,2.5,106.0
1343,2022-07-05,45,1,0,26.9,9.3,0.0,99.0
1344,2022-07-06,63,2,0,28.6,10.4,0.0,45.0
1345,2022-07-07,143,3,0,28.2,8.8,4.0,63.0
1346,2022-07-08,90,4,0,26.8,6.8,1.0,143.0
1347,2022-07-09,95,5,0,25.4,6.4,0.0,90.0
1348,2022-07-11,82,0,0,23.8,5.8,13.3,95.0
1349,2022-07-12,61,1,0,25.8,7.3,0.0,82.0
1350,2022-07-13,33,2,0,24.3,2.7,36.1,61.0
1351,2022-07-14,153,3,0,25.1,5.7,2.8,33.0
1352,2022-07-15,76,4,0,25.0,9.1,0.0,153.0
1353,2022-07-16,110,5,0,23.9,9.4,0.5,76.0
1354,2022-07-18,66,0,0,22.6,4.4,8.4,110.0
1355,2022-07-19,67,1,0,24.1,10.5,0.0,66.0
1356,2022-07-20,60,2,0,25.8,10.0,0.0,67.0
1357,2022-07-21,105,3,0,23.0,2.1,22.1,60.0
1358,2022-07-22,53,4,0,24.2,7.6,0.7,105.0
1359,2022-07-23,63,5,0,23.5,8.0,10.3,53.0
1360,2022-07-25,72,0,0,26.0,8.5,0.0,63.0
1361,2022-07-26,52,1,0,26.9,12.5,0.0,72.0
1362,2022-07-27,132,2,0,26.0,7.5,0.0,52.0
1363,2022-07-28,82,3,0,27.1,11.0,0.0,132.0
1364,2022-07-29,84,4,0,28.8,10.8,0.0,82.0
1365,2022-08-04,249,3,0,27.7,7.5,0.0,84.0
1366,2022-08-05,54,4,0,27.6,8.2,0.0,249.0
1367,2022-08-06,110,5,0,28.3,8.8,0.0,54.0
1368,2022-08-08,63,0,0,27.2,2.9,9.1,110.0
1369,2022-08-09,54,1,0,26.9,4.0,18.4,63.0
1370,2022-08-11,148,3,0,24.7,1.9,75.6,54.0
1371,2022-08-12,63,4,0,25.6,9.7,0.1,148.0
1372,2022-08-15,55,0,1,27.6,5.7,10.6,63.0
1373,2022-08-16,83,1,0,25.6,8.5,0.5,55.0
1374,2022-08-17,60,2,0,24.0,9.6,0.1,83.0
1375,2022-08-18,95,3,0,23.3,11.2,0.0,60.0
1376,2022-08-19,116,4,0,25.1,9.1,0.0,95.0
1377,2022-08-20,60,5,0,26.9,8.8,3.1,116.0
1378,2022-08-22,53,0,0,25.9,8.8,0.0,60.0
1379,2022-08-23,41,1,0,23.5,5.0,8.0,53.0
1380,2022-08-24,46,2,0,22.8,6.6,0.0,41.0
1381,2022-08-25,74,3,0,20.9,8.4,0.5,46.0
1382,2022-08-26,71,4,0,21.4,12.2,0.0,74.0
1383,2022-08-27,47,5,0,20.6,10.0,0.0,71.0
1384,2022-08-29,81,0,0,19.1,3.9,0.9,47.0
1385,2022-08-30,25,1,0,18.9,2.8,70.0,81.0
1386,2022-08-31,72,2,0,20.5,4.0,5.9,25.0
1387,2022-09-01,116,3,0,21.5,10.4,0.0,72.0
1388,2022-09-02,68,4,0,22.5,12.2,0.0,116.0
1389,2022-09-03,44,5,0,23.0,7.7,0.0,68.0
1390,2022-09-05,61,0,0,21.8,6.4,76.5,44.0
1391,2022-09-06,83,1,0,19.6,10.2,50.2,61.0
1392,2022-09-07,56,2,0,19.5,13.6,0.0,83.0
1393,2022-09-08,93,3,0,20.1,15.7,0.0,56.0
1394,2022-09-13,135,1,0,23.9,6.7,0.0,93.0
1395,2022-09-14,74,2,0,23.9,7.6,0.0,135.0
1396,2022-09-15,125,3,0,24.7,7.5,0.0,74.0
1397,2022-09-16,57,4,0,25.2,8.8,0.2,125.0
1398,2022-09-17,61,5,0,25.8,9.0,0.0,57.0
1399,2022-09-19,97,0,0,24.6,9.8,0.0,61.0
1400,2022-09-20,102,1,0,17.3,9.8,0.0,97.0
1401,2022-09-21,43,2,0,16.6,13.8,0.0,102.0
1402,2022-09-22,134,3,0,16.7,13.3,0.0,43.0
1403,2022-09-23,59,4,0,15.9,13.1,2.0,134.0
1404,2022-09-24,104,5,0,16.1,14.5,0.0,59.0
1405,2022-09-26,77,0,0,17.2,12.9,0.0,104.0
1406,2022-09-27,63,1,0,17.5,17.1,0.0,77.0
1407,2022-09-28,63,2,0,17.4,13.6,0.0,63.0
1408,2022-09-29,126,3,0,17.2,11.8,0.0,63.0
1409,2022-09-30,46,4,0,17.2,15.4,0.0,126.0
1410,2022-10-01,62,5,0,18.2,15.4,0.0,46.0
1411,2022-10-04,147,1,0,18.6,9.2,52.0,62.0
1412,2022-10-05,47,2,0,15.9,7.8,0.0,147.0
1413,2022-10-06,125,3,0,16.2,7.2,0.0,47.0
1414,2022-10-07,80,4,0,14.9,8.1,0.0,125.0
1415,2022-10-08,65,5,0,14.7,11.6,0.0,80.0
1416,2022-10-11,140,1,0,10.4,10.0,0.1,65.0
1417,2022-10-12,102,2,0,10.7,15.4,0.0,140.0
1418,2022-10-13,177,3,0,13.5,14.8,0.0,102.0
1419,2022-10-14,52,4,0,14.2,13.0,0.0,177.0
1420,2022-10-15,83,5,0,16.5,13.5,0.0,52.0
1421,2022-10-17,86,0,0,11.3,9.8,0.0,83.0
1422,2022-10-18,78,1,0,6.8,12.9,0.0,86.0
1423,2022-10-19,100,2,0,7.3,16.6,0.0,78.0
1424,2022-10-20,102,3,0,9.6,18.4,0.0,100.0
1425,2022-10-21,97,4,0,11.2,14.5,0.0,102.0
1426,2022-10-22,47,5,0,13.1,13.4,0.0,97.0
1427,2022-10-24,78,0,0,8.6,12.0,0.0,47.0
1428,2022-10-25,59,1,0,8.1,15.6,0.0,78.0
1429,2022-10-26,79,2,0,9.6,15.5,0.0,59.0
1430,2022-10-27,140,3,0,11.5,15.8,0.0,79.0
1431,2022-10-28,85,4,0,11.1,12.3,0.0,140.0
1432,2022-10-29,40,5,0,11.4,15.3,0.0,85.0
1433,2022-10-31,134,0,0,12.2,13.2,0.0,40.0
1434,2022-11-01,58,1,0,11.4,12.1,0.0,134.0
1435,2022-11-02,79,2,0,8.6,15.0,0.0,58.0
1436,2022-11-03,168,3,0,8.3,14.3,0.0,79.0
1437,2022-11-04,67,4,0,4.4,10.7,0.0,168.0
1438,2022-11-05,101,5,0,3.8,16.9,0.0,67.0
1439,2022-11-07,134,0,0,8.1,16.0,0.0,101.0
1440,2022-11-08,43,1,0,10.3,13.1,0.0,134.0
1441,2022-11-09,50,2,0,7.7,14.0,0.0,43.0
1442,2022-11-10,174,3,0,9.6,15.1,0.0,50.0
1443,2022-11-11,56,4,0,11.8,16.6,0.0,174.0
1444,2022-11-14,148,0,0,9.1,10.6,0.0,56.0
1445,2022-11-15,59,1,0,5.9,12.2,4.3,148.0
1446,2022-11-16,49,2,0,6.7,11.7,0.1,59.0
1447,2022-11-17,106,3,0,7.6,13.7,0.0,49.0
1448,2022-11-18,42,4,0,7.3,17.4,0.0,106.0
1449,2022-11-21,133,0,0,10.0,15.2,0.0,42.0
1450,2022-11-22,46,1,0,9.9,9.2,0.5,133.0
1451,2022-11-23,53,2,0,9.3,12.6,0.0,46.0
1452,2022-11-24,143,3,0,6.5,13.5,0.0,53.0
1453,2022-11-25,55,4,0,8.2,16.7,0.0,143.0
1454,2022-11-26,87,5,0,6.7,13.7,0.0,55.0
1455,2022-11-28,102,0,0,8.1,12.9,20.5,87.0
1456,2022-11-29,57,1,0,8.4,13.5,2.9,102.0
1457,2022-11-30,49,2,0,-3.3,6.3,0.0,57.0
1458,2022-12-01,127,3,0,-4.6,9.3,0.0,49.0
1459,2022-12-02,87,4,0,-3.7,11.5,0.0,127.0
1460,2022-12-03,41,5,0,1.5,8.3,0.3,87.0
1461,2022-12-05,60,0,0,-2.8,9.0,0.0,41.0
1462,2022-12-06,28,1,0,-1.6,10.6,1.5,60.0
1463,2022-12-07,41,2,0,2.2,9.6,0.5,28.0
1464,2022-12-08,152,3,0,1.4,13.0,0.0,41.0
1465,2022-12-09,47,4,0,2.1,15.1,0.0,152.0
1466,2022-12-10,74,5,0,0.8,11.0,0.0,47.0
1467,2022-12-12,84,0,0,0.7,13.3,0.7,74.0
1468,2022-12-13,28,1,0,0.9,8.3,11.2,84.0
1469,2022-12-14,36,2,0,-8.2,7.7,0.1,28.0
1470,2022-12-15,65,3,0,-3.9,14.8,2.9,36.0
1471,2022-12-16,41,4,0,-5.8,8.0,0.0,65.0
1472,2022-12-17,48,5,0,-7.6,10.0,2.0,41.0
1473,2022-12-19,82,0,0,-8.4,13.7,0.0,48.0
1474,2022-12-20,27,1,0,-5.2,15.1,0.0,82.0
1475,2022-12-21,17,2,0,-0.1,6.0,3.4,27.0
1476,2022-12-27,14,1,0,-5.6,16.7,0.0,17.0
1477,2022-12-28,52,2,0,-4.2,10.2,0.1,14.0
1478,2022-12-29,171,3,0,-5.5,14.3,0.0,52.0
1479,2022-12-30,73,4,0,-2.9,10.1,0.2,171.0
1480,2022-12-31,80,5,0,-3.9,14.1,0.0,73.0
